comp,cv_mse,cv_se,val_mse,train_rss,n_nonzero,alpha,lam,cv_fold1,cv_fold2,cv_fold3,cv_fold4,cv_fold5,cv_fold6,cv_fold7,cv_fold8,cv_fold9,cv_fold10,is_cv_min,is_one_se
0.0,0.026399197625231453,0.0020192256762348345,0.034359910560214854,209.2954830454412,0,0.0,267.5584509669032,0.026806952091732884,0.028949769000098758,0.022650162645829267,0.018759207668903634,0.023780515156166762,0.02441877860832775,0.034259461784546606,0.016939211012546595,0.030648670153366944,0.03677924813079533,False,False
0.0013034774666268738,0.026396537399107484,0.0020192607927568577,0.034360451673737184,209.06312875979114,1,0.0,228.88749321450635,0.026802793771916692,0.028947607047873518,0.022650162645829267,0.01875738201841842,0.023775086417598262,0.02441877860832775,0.03425628361893878,0.01693503375209324,0.030643817194212154,0.03677842891586673,False,False
0.0024185597550750383,0.02638661898791313,0.0020203796034784075,0.03436113045212185,208.89308626548842,1,0.0,195.80575519366135,0.02679011492806103,0.028944935100068892,0.022641246754295952,0.01874141463409134,0.02376105881552458,0.024391716986597152,0.03425321354812888,0.016930668601710667,0.0306339624611026,0.0367778580495502,False,False
0.004627569312444488,0.026376972645517,0.0020217608258659954,0.03435180318103196,208.61245376587442,3,0.0,167.50541162609122,0.02678182022528224,0.028945305540809887,0.02261436996611032,0.01872901837146417,0.02374836554420545,0.0243681132955377,0.03425121601834707,0.016927616635081168,0.030626388004493143,0.036777512853838866,False,False
0.008193378077477425,0.026356571217145703,0.0020227140548659804,0.03433130097367459,208.21536152694443,4,0.0,143.29539443963466,0.02676597234578912,0.02893412933725634,0.022583367875658504,0.018702370415774112,0.023731845173322292,0.024332254360468993,0.03423826690062426,0.016914494865929795,0.03059784499403251,0.036765165902601094,False,False
0.01221551521451533,0.02633484415025541,0.0020233519888205567,0.034318691028174364,207.8319162042489,5,0.0,122.58451752857941,0.026752481737674184,0.028918277612419573,0.022553802626201363,0.01867502021038667,0.023717590698652247,0.024303639824029943,0.034215021758259016,0.01689235413438661,0.030571039050460005,0.03674921385008453,False,False
0.017483504926373163,0.02631785649086309,0.002023982462632288,0.034305888262488406,207.40500456499123,9,0.0,104.86704053873079,0.026752161531838906,0.028911948161588773,0.022530256723853292,0.018645820970189294,0.02371063299252336,0.02428203242852634,0.03419200224472064,0.016869977115568528,0.030553788822258933,0.03672994391756284,False,False
0.02312298981321367,0.026300531492900174,0.002025052916234201,0.03429341185830222,207.01149722820313,10,0.0,89.71031915827332,0.026750166011605358,0.028904775009584903,0.02251231790024776,0.018610194964552233,0.023699217675778754,0.024262440710135457,0.0341678534278319,0.0168457313564574,0.030539500988328815,0.0367131168844792,False,False
0.029580700082061186,0.026284392477760994,0.0020256902078993775,0.03428259922326616,206.6286287683192,19,0.0,76.74424034601125,0.02674989958144651,0.028892835100848835,0.02249692978345537,0.018576934642816234,0.02369163608301878,0.024240317534165615,0.03414306212366855,0.016828985318755745,0.030521709517312076,0.03670161509212224,False,False
0.03771138143145079,0.026270897553259436,0.002025938516963455,0.03426962789427742,206.21382754151492,23,0.0,65.6521845150874,0.026747283869137037,0.028886434908592103,0.02248586377717176,0.01855105157510325,0.023684910260243493,0.024229335551204084,0.03412322186261626,0.016812399231928975,0.030498446986096363,0.036690027510501044,False,False
0.04658083008163291,0.02625990046695678,0.0020270282402824733,0.034259389552260086,205.8273111856438,32,0.0,56.16329397711088,0.02675089992980607,0.02888632538508706,0.022470672824071388,0.018526030970146972,0.023677443210350903,0.02422217891220543,0.03410028417221577,0.016794012798503732,0.03048246754595753,0.03668868892122298,False,False
0.0563556789983656,0.026251970610890973,0.0020276098622322466,0.034251268102774374,205.46289652186843,41,0.0,48.04585884928918,0.026746607840193556,0.02888857026108192,0.022459551243917797,0.01850527916073678,0.02366068163776144,0.02424129011497439,0.034080454117581635,0.016780271380421874,0.03047155351108269,0.036685446841157605,False,False
0.06711556723865797,0.02624518704873855,0.0020280108992065094,0.034246954439775316,205.11947606438545,51,0.0,41.10165891456794,0.026739143193786445,0.028892447373542622,0.022450775669476793,0.01848401392336698,0.0236458315757759,0.024261244573786138,0.034067581953379215,0.016769763066311918,0.030465573905138092,0.036675495252821357,False,False
0.07829547919947245,0.02624014232391862,0.0020280532355439014,0.03424423926099498,204.81383245141566,60,0.0,35.16112326826428,0.026737779680878034,0.028897472411632263,0.022442952145256233,0.01846960541640241,0.023632538629867778,0.02427621186475111,0.03405279254591774,0.016762461807218895,0.030463260345100433,0.03666634839216127,False,False
0.08978735550822263,0.02623662423703487,0.0020281248340408577,0.03424335643277036,204.54515478353406,70,0.0,30.07918955426598,0.02673635995678718,0.02890030561356193,0.02243536241733657,0.01845869013357734,0.023627145888120808,0.02429045202540379,0.03403627587168414,0.016753670516221914,0.03046828096693377,0.03665969898072129,False,False
0.10122160913519593,0.02623492739872103,0.002027980130676829,0.03424423543930087,204.31659744691328,78,0.0,25.731761677195333,0.026735601229411713,0.028904612627206772,0.02242851529256863,0.018450665439650057,0.02362436332274228,0.024306439390887384,0.03401378106701442,0.016748311621085123,0.030479882886184004,0.03665710111045992,False,False
0.11353954751344995,0.026235649959744357,0.0020281037486297466,0.03424304956312708,204.1065159694606,84,0.0,22.01267949116244,0.02673632357911319,0.028908934714034332,0.022425602203732405,0.018443015713261433,0.02362768724856,0.02432164118556888,0.03399425702712233,0.01674476593723576,0.030493542402848853,0.036660729585966396,False,False
0.12800817668110986,0.026237370122506237,0.0020283365258768286,0.03424319986282014,203.8952614587741,96,0.0,18.831126467725724,0.026738252030057818,0.02891624179233473,0.02242426346034429,0.018438564565869533,0.023631344355411265,0.024336635460859287,0.0339772348755488,0.016739653873518456,0.03050588418002293,0.036665626631095294,False,False
0.14162962601496465,0.026239089463983012,0.002028548882115432,0.03424321623122442,203.72476862723556,106,0.0,16.10941204072172,0.02673754199109059,0.02891707989310798,0.022424163242376654,0.0184356401207398,0.023633987560535377,0.02435443439870437,0.03396476253593443,0.016734906931740186,0.0305173065406176,0.03667107142498314,False,False
0.15530766444885818,0.026240889632816993,0.0020288053749282055,0.03424344845643334,203.57835094366712,119,0.0,13.781074474887324,0.026735734788012156,0.02891344308369205,0.02242257554316748,0.018434480901719737,0.02363687067857137,0.024371684431553225,0.033954794035940955,0.016732347632578203,0.030526912025234988,0.03668005320769977,False,False
0.1688090956988269,0.02624411917499995,0.002028910826636758,0.034244195968009324,203.45470995260007,125,0.0,11.789257932090383,0.02673549290179378,0.028914915531993136,0.022421035081313944,0.018434775801391738,0.023643192508531332,0.02438969814974627,0.0339452840666948,0.016732268870280117,0.030534875661032922,0.03668965317722144,False,False
0.18282435053278445,0.02624773174497761,0.002028752353688947,0.03424779758919874,203.34461849603542,130,0.0,10.085324104635342,0.02673487526154839,0.02891965509124841,0.022424397952708536,0.01843292166931535,0.02364809650134232,0.02440786516298009,0.03393497247002221,0.01673523653459463,0.030541916186240522,0.036697380619775614,False,False
0.19661622534422923,0.026251470367860175,0.0020282964817146722,0.03425089631808449,203.25213241556554,140,0.0,8.627664513020251,0.026733604553417206,0.028926554400719305,0.02243044559962463,0.01843296051360566,0.02365196823641943,0.02442222813227966,0.03392846162139753,0.01673974049646272,0.030549560891902285,0.03669917923277333,False,False
0.21122598208993953,0.026255569074390212,0.00202776739207265,0.0342531721012513,203.16872517006158,147,0.0,7.380684465560899,0.02673290365086649,0.028928744632844332,0.02243491874730995,0.018432639182331793,0.023656870642126702,0.024441828368902734,0.03392480628357877,0.016744185935039277,0.030561565734004335,0.03669722756689771,False,False
0.2350392010572929,0.026261471266645818,0.002027871231410518,0.03424779925248447,203.0518923123502,155,0.0,6.313933869121008,0.02673194419107127,0.028933919133791564,0.02243879173888959,0.01843303996372004,0.02366189089630132,0.024463021894925042,0.03392556623731165,0.016747499658657246,0.03057965170774788,0.03669938724404261,False,False
0.257363840108383,0.0262671082804249,0.0020281714104132564,0.034241607861483954,202.95814473672684,162,0.0,5.401363666154746,0.026730719106836286,0.028941132245658963,0.02243858238028075,0.01843268134009692,0.02366551458124181,0.02448163165863857,0.03392895719853449,0.01675286630931325,0.030597318772514263,0.036701679211133764,False,False
0.28434191778628837,0.026272168454641427,0.0020285816051830025,0.03423427710341694,202.86154473304862,169,0.0,4.620689740945636,0.026731977648129183,0.028938405347556883,0.022436759430764907,0.01843245251611084,0.023668545514538227,0.02450063216720253,0.03393411600360101,0.016757754967265462,0.030615117472456595,0.03670592347878865,False,False
0.31652930857269007,0.026277323696598198,0.002028876914763845,0.03422647599764056,202.76329281843627,173,0.0,3.952848762223773,0.026742036502229796,0.02892604486334381,0.022435307609713087,0.01843518660126417,0.02367320908312082,0.0245171207138791,0.033939931715906986,0.016761384430167867,0.030631561140552075,0.036711454305804296,False,False
0.3499823427721805,0.02628331465572496,0.0020292034990285574,0.03421821045322161,202.6752301206719,179,0.0,3.3815326743440504,0.026759645607505145,0.0289121252614689,0.022431311180323252,0.018438411301955112,0.02367270441444428,0.024548150844240474,0.033948623596449214,0.016762250310874534,0.030645365778442263,0.03671455826154643,False,False
0.3792966862767483,0.02628770754696172,0.002030660759160865,0.03421124375143447,202.6091674301347,183,0.0,2.8927904697329017,0.026778183188977515,0.02890063872707956,0.022425802819416984,0.018440583250920923,0.023664201633883872,0.024563077287592217,0.033969685626448407,0.016758639586270666,0.030658509058901277,0.03671775429012582,False,False
0.40642168842683274,0.02628990472251134,0.0020321787386618504,0.0342056878214171,202.55707049599516,190,0.0,2.4746875182570207,0.026791764717116497,0.028891814258451574,0.022419276698635686,0.018443695302162454,0.023655840370903503,0.024567199215308866,0.03398823580030749,0.016752599193334165,0.030666934832070183,0.036721686836822975,False,False
0.4384792995142535,0.026291307788433017,0.0020330726806713213,0.034201113359213414,202.5043308434355,193,0.0,2.1170141346540516,0.026800752772644893,0.028885859976868145,0.022410215457571655,0.01844867387267783,0.02365331436783976,0.02457067708724046,0.033996656667012966,0.016748410222654407,0.030671946499449366,0.03672657096037069,False,False
0.4690548228283874,0.02629332424237248,0.0020338856332166176,0.03419682820090207,202.46121599379512,195,0.0,1.8110362675129368,0.02680644278114332,0.02888138171313061,0.02240312118607627,0.01845432448279106,0.023654956620410075,0.024574156120329732,0.034005792712605384,0.01674431952214472,0.03067718436548209,0.0367315629196115,False,False
0.5007661592180161,0.02629622849947923,0.002035153108697764,0.03419562721171108,202.4230210591873,198,0.0,1.5492822218606308,0.026811174029242706,0.02887809385495309,0.02239717183697829,0.01845897008698061,0.023656445072085766,0.02457518248546791,0.03402447628363463,0.016740659296474576,0.03068391770494813,0.03673619434402657,False,False
0.5276937850032809,0.026298484053663397,0.0020363496188908876,0.03419479853783155,202.39526437427426,206,0.0,1.3253602073191306,0.026819374324597422,0.028868372941888275,0.022386741794965487,0.018462751182755182,0.02365863100468621,0.024575819500817924,0.034042219076876545,0.016738639530050295,0.030691841984638583,0.03674044919535801,False,False
0.5608880790279298,0.026300531474269778,0.002037336327650005,0.034193050553983945,202.36614537346287,211,0.0,1.1338022565284607,0.026829363386543622,0.028856074575634886,0.022376924600529025,0.018466541417518557,0.023661829587942967,0.02457639860018943,0.034056656768856566,0.016737202251597843,0.030699029021399565,0.036745294532485324,False,False
0.5968348899328743,0.02630238641249925,0.0020380983256387502,0.03419119408653153,202.338992865024,212,0.0,0.9699307024686413,0.026837664813085218,0.028845333343722877,0.0223680162195077,0.01847058518484019,0.023664959662059983,0.024578567624344686,0.03406722924395225,0.016736045982734083,0.03070532804366237,0.03675013400708316,False,False
0.6322951178792753,0.0263038205493586,0.002038930543969454,0.03419068993772894,202.31610884180992,216,0.0,0.8297439541810416,0.026844728445897813,0.028836428767263552,0.022360331218538577,0.018473370634581165,0.023665822466966236,0.024580805431145894,0.03407684087983353,0.01673406047444622,0.03071074107981421,0.036755076095098746,False,False
0.663443746637103,0.026304768799609836,0.0020396245617433683,0.03419064094977887,202.2988963737932,218,0.0,0.7098187816384228,0.026850601060411854,0.02882883435838133,0.02235376435359337,0.018475742172310426,0.02366645157669948,0.0245825496593265,0.03408519228393705,0.016731973865755288,0.030713205307872356,0.03675937335781067,False,False
0.6909068547323062,0.026305778030160265,0.0020401795840513065,0.034190143497805636,202.2859080888195,218,0.0,0.6072267236510906,0.0268548448407686,0.028822582328124503,0.022348613832032502,0.018478219021689245,0.023667008439568496,0.024585467732063056,0.03409259974783876,0.01673030493323188,0.030715012922017542,0.036763126504268044,False,False
0.7152089868598618,0.026306547686083693,0.0020406057636684315,0.03418994459568822,202.2760825979828,219,0.0,0.5194625775679519,0.02685779146121182,0.028817337892131225,0.022344290826313753,0.01848056465262725,0.023667530169869173,0.024587977122588256,0.03409805136170801,0.016728923467223756,0.030716645465377147,0.03676636444178651,False,False
0.7363180975430111,0.026307292708624374,0.0020409868883910273,0.0341903615425174,202.26878010511962,221,0.0,0.4443832245574712,0.02686071616574921,0.028813157168540934,0.022340721909425036,0.01848227150371086,0.023668346352855255,0.024590052526821823,0.034102634468195184,0.016727678485210517,0.030718170689482828,0.03676917781625216,False,False
0.7542190143033861,0.0263080906085854,0.002041303778672738,0.034191606592629806,202.26347625210246,222,0.0,0.3801552966387917,0.026863540411141727,0.028811692717068422,0.022337440728494966,0.01848412883233503,0.023669302026746622,0.024591864898693746,0.03410656587794989,0.016726528982677798,0.030718218653666963,0.03677162295707885,False,False
0.7700030288186737,0.026308657813488373,0.002041551334330964,0.034192733066787016,202.25948212170383,223,0.0,0.32521040754056973,0.026866538840544813,0.028808653680912778,0.022335869729852163,0.018485957907339857,0.0236700849716675,0.024593437386415642,0.03410992631753845,0.016724652129086616,0.030717698642257693,0.03677375852926823,False,False
0.7842536512635895,0.02630928227543992,0.0020417573569325334,0.034193685118640356,202.25639912716522,224,0.0,0.2782068541667432,0.026869721388571806,0.02880616126805969,0.022334432651764657,0.018488073504208186,0.023670809953164867,0.024594807776062832,0.034112999150139815,0.01672295415602428,0.030717295613309915,0.036775567293093184,False,False
0.800309882173655,0.02630988629039379,0.0020419098706397558,0.03419483333671545,202.25339503386326,224,0.0,0.2379968534546366,0.026872546940227553,0.028803931204122078,0.02233410470689,0.018489922550954215,0.023671142089024214,0.02459599420817329,0.03411576600218397,0.016721514205982963,0.030717066514768954,0.036776874481610655,False,False
0.8113199977092538,0.02631054676475142,0.002042025166315081,0.03419555481930389,202.25164912651582,224,0.0,0.20359851457994285,0.026875018305958474,0.028802053909514305,0.022334968995103326,0.018491521358489485,0.02367138128239382,0.02459704979293877,0.03411822311774007,0.016720291762084647,0.030716853298615905,0.036778105824675375,False,False
0.833306675948107,0.026310921706994284,0.0020421655857715475,0.03419749053293276,202.24871200633257,225,0.0,0.17417186209590066,0.026877170146624996,0.028800445117332332,0.022333792636196833,0.018492913103630937,0.02367142454415597,0.0245980008226738,0.03412029887934586,0.01671926317543678,0.030716765593096385,0.036779143051448915,False,False
0.8616125021473521,0.02631135626378866,0.0020422598602553564,0.03419996448370792,202.24540787904294,225,0.0,0.14899832451401337,0.02687954298760848,0.028799080687627928,0.022333763754313504,0.018494232315711616,0.02367115697461746,0.024598844654342818,0.03412208952270259,0.016718327523367306,0.03071661548449706,0.03677990873309782,False,False
0.8858455438254701,0.026312012201306318,0.0020422759640569255,0.03420213825918724,202.24298562174027,227,0.0,0.12746318745653334,0.026882988945230026,0.028797931770205756,0.02233518060555809,0.018495829701062536,0.02367093241904374,0.024599524971681035,0.03412324296750472,0.016717535055252575,0.03071638134768999,0.0367805742298347,False,False
0.9065725663606605,0.02631261182128324,0.002042291623760956,0.03420403730281357,202.24121118577477,226,0.0,0.10904058290300662,0.02688594280637765,0.02879704205239665,0.022336564972393048,0.018497495192217783,0.023670755963493727,0.024600113209961635,0.034124377634500914,0.01671656818539911,0.030716191127428894,0.03678106706866295,False,False
0.9242974630678396,0.026313248585789373,0.0020423151882682537,0.03420569086727355,202.23991133400924,226,0.0,0.0932806479822423,0.02688848703375187,0.028796813527301852,0.022337759406578027,0.0184991423410914,0.02367061198759422,0.024600602979559738,0.03412580114917065,0.016715805697953723,0.030716034822056277,0.03678142691283592,False,False
0.939461442182717,0.0263138409458586,0.0020423268868378533,0.034207126078487464,202.23895850898492,227,0.0,0.07979853973934588,0.02689075011203264,0.028796648729991832,0.02233878868146622,0.01850059376181099,0.02367049086711396,0.024601014981062933,0.03412702417168884,0.016715387512841483,0.030715886555712033,0.03678182408486509,False,False
0.9519550567204311,0.02631435568834107,0.0020423298850988296,0.03420833801600806,202.23828413836208,227,0.0,0.06826503762864283,0.026892600249475058,0.028796515490103026,0.02233969513792881,0.01850197609502393,0.023670392151134215,0.02460136491440652,0.03412807383983175,0.016715031552707326,0.030715742132933783,0.03678216531986629,False,False
0.9594013828475564,0.02631483489691284,0.0020423285948983146,0.03420919251863246,202.23794207052958,228,0.0,0.05839850425411088,0.026894230239274015,0.028796406403164446,0.022340610497511855,0.018503260075514293,0.023670333554481202,0.02460166561514336,0.03412897426795582,0.016714728134285376,0.030715621142343046,0.03678251903945502,False,False
0.9702441196698751,0.02631526270919961,0.0020423254752233657,0.03421015027489901,202.23751290695853,229,0.0,0.049958008046075815,0.026895663907949032,0.028796317850154008,0.02234140724251523,0.018504430942546845,0.023670300413896117,0.024601923844127717,0.03412974636971326,0.016714470779685894,0.030715519508816253,0.03678284623259172,False,False
0.9795049019292822,0.02631564291773718,0.0020423198320834563,0.03421097166495512,202.23719848451293,229,0.0,0.04273743993633338,0.026896915051196534,0.028796244435800325,0.022342092196320936,0.018505484814954388,0.02367027583726937,0.02460220175523315,0.034130408203447364,0.01671425146239792,0.030715433930746407,0.036783121490005455,False,False
0.9874266843953958,0.026315954073531954,0.0020423139026901995,0.03421167966993124,202.23696763281416,229,0.0,0.036560480366373924,0.02689783092932069,0.028796183360494974,0.022342667525873827,0.018506409749197542,0.02367025702404522,0.024602433032078447,0.034130975344736136,0.016714064270219917,0.03071536172623996,0.03678335777311287,False,False
0.9942034620260711,0.026316251226718396,0.0020423092944233416,0.03421228928493576,202.2367980354149,229,0.0,0.03127629372773071,0.02689894696712766,0.02879613245746957,0.022343157195738227,0.018507218438920805,0.023670242113684386,0.024602595427632674,0.03413145402985446,0.01671390445289779,0.03071530068618626,0.03678356049767211,False,False
1.0,0.02631649783050356,0.0020423046441728166,0.03421281359490985,202.23667337443214,229,0.0,0.02675584509669032,0.02689979332421168,0.028796089815932697,0.022343577181991217,0.018507929373188053,0.023670230255740096,0.024602735325225104,0.03413186461276787,0.01671376796816181,0.030715249005089013,0.03678374144272802,False,False
0.0,0.026399197625231453,0.0020192256762348345,0.034359910560214854,209.2954830454412,0,0.1,297.28716774100354,0.026806952091732884,0.028949769000098758,0.022650162645829267,0.018759207668903634,0.023780515156166762,0.02441877860832775,0.034259461784546606,0.016939211012546595,0.030648670153366944,0.03677924813079533,False,False
0.001302080243226374,0.026396540848092974,0.002019260732679803,0.03436045084129532,209.06339225628886,1,0.1,254.31943690500705,0.026802799756418468,0.028947609820733394,0.022650162645829267,0.01875738450102316,0.023775093628268507,0.02441877860832775,0.03425628739421531,0.016935038842031885,0.030643823478160977,0.036778429805921005,False,False
0.002416396723420253,0.026386632209996798,0.0020203782155389055,0.0343611286764864,208.8934441564403,1,0.1,217.56195021517928,0.02679013295762989,0.028944936926506428,0.022641257881786198,0.01874143430114958,0.023761079814601405,0.024391747658843527,0.03425321901862536,0.016930676578527162,0.030633977846070887,0.03677785911622753,False,False
0.0046217332242603285,0.026376992095896758,0.002021758154487718,0.034351829265885495,208.6132437620836,3,0.1,186.11712402899025,0.026781839572462694,0.02894530089817647,0.022614406875173118,0.01872904551198769,0.02374840030533403,0.024368161288002357,0.03425122114082655,0.016927624805572406,0.03062640683281127,0.03677751372862103,False,False
0.008185346347700606,0.026356622488530424,0.0020227119055184948,0.03433133827140727,208.21632134643605,4,0.1,159.2171049329274,0.026766018380350882,0.028934146751674026,0.02258344079684108,0.018702434043817273,0.023731890664759635,0.02433234611521463,0.03423830979397991,0.016914529263285696,0.03059791356399183,0.036765195511389306,False,False
0.012206444619512119,0.026334904157300255,0.0020233499960693228,0.03431873875431886,207.83288476607106,5,0.1,136.20501947619934,0.026752535271921018,0.02891829548339834,0.022553886798002607,0.018675095720322506,0.023717634651415513,0.024303744829417235,0.034215077582179586,0.01689239757425716,0.030571118979726027,0.03674925468236253,False,False
0.017472807563671967,0.026317915227666216,0.002023980185761168,0.034305938445377646,207.40601836424926,9,0.1,116.5189339319231,0.026752200708579348,0.028911959320338215,0.022530340945100483,0.018645901058911413,0.023710670834344375,0.024282136205637433,0.03419206558804472,0.01687002643207458,0.030553867095481923,0.03672998408814971,False,False
0.02311183218854531,0.026300588078871156,0.002025050357132645,0.03429345905394402,207.01245158557836,10,0.1,99.67813239808147,0.026750196008123048,0.02890477256181925,0.022512395753902844,0.018610281421123698,0.023699252075378693,0.024262542105180473,0.034167923394709074,0.01684578539131717,0.03053957328116575,0.03671315879599156,False,False
0.02957015535079441,0.02628444684829046,0.002025687933092881,0.03428264038065758,206.62946767053396,19,0.1,85.27137816223473,0.02674993228591175,0.02889282858664651,0.022497002376094453,0.018577020782972624,0.02369166566823138,0.024240416580473077,0.03414313342198872,0.016829034933298865,0.030521778138364042,0.036701655708923184,False,False
0.037700990869185685,0.026270942912520585,0.002025937338626479,0.03426966607642875,206.21459848893608,23,0.1,72.94687168343044,0.026747303141047847,0.028886426742348214,0.022485924876971555,0.018551120431074927,0.023684934072115117,0.024229418587006987,0.03412329136863264,0.01681243899761121,0.030498508834881425,0.03669006207351592,False,False
0.046572318615275665,0.026259958287362727,0.0020270255281865106,0.03425941665097184,205.8279514421811,32,0.1,62.403659974567645,0.02675091025601416,0.028886307649838343,0.022470851798825183,0.0185260991542822,0.02367746033865523,0.02422224838000785,0.03410034877136735,0.01679405092939643,0.030482590447009406,0.036688715148231105,False,False
0.05634741618214908,0.026252006683660817,0.002027604730260574,0.034251292409227925,205.463488936153,41,0.1,53.38428761032131,0.026746596001457314,0.028888548250845057,0.02245963789975863,0.01850537424366425,0.023660699811091562,0.024241343995080607,0.03408051055935987,0.016780301817355247,0.03047161272880296,0.03668544152919267,False,False
0.06711649306333733,0.026245209620106513,0.0020280071197743576,0.034246986908743324,205.11976211364882,51,0.1,45.66850990507549,0.026739141515420277,0.028892421302025174,0.022450826414701128,0.018484083111195353,0.02364584266048178,0.024261282068508094,0.03406763130632071,0.01676978878939099,0.030465579150828873,0.036675499882192764,False,False
0.07829461235439805,0.026240159546024176,0.0020280495689112056,0.03424425917158624,204.81416679197216,60,0.1,39.06791474251586,0.026737763456545185,0.028897445992549196,0.022442979925443186,0.018469657816002516,0.023632658988053036,0.024276184929424627,0.034052838371198144,0.016762476546107696,0.03046323365706799,0.036666355777850226,False,False
0.08978620127224135,0.026236616312557536,0.0020281195309175713,0.03424336339582426,204.5454861635804,71,0.1,33.4213217269622,0.026736343930292575,0.02890027787136145,0.022435374452732096,0.01845872928788935,0.023627207874491532,0.02429043950028815,0.03403621043368687,0.01675364296107003,0.030468232471289217,0.03665970434247404,False,False
0.10122045250762635,0.02623492372709819,0.0020279781402580696,0.03424422721730885,204.3169143445662,79,0.1,28.590846307994816,0.026735586190250522,0.028904583843232048,0.022428511850263143,0.01845070301649317,0.023624374321060338,0.024306424405358403,0.03401374464870811,0.01674831894158525,0.030479835954428016,0.03665715409960294,False,False
0.11353879468351508,0.02623563831669739,0.002028102255994974,0.03424303753323876,204.1068114391751,85,0.1,24.458532767958268,0.026736307390405133,0.028908932924599787,0.022425588146042296,0.018443028425838347,0.023627652579169805,0.024321637699057427,0.03399425215465929,0.0167447725983972,0.030493473798750333,0.03666073745005429,False,False
0.12801340017420107,0.0262373403153836,0.002028332940116848,0.034243195757894855,203.89546440373917,97,0.1,20.923473853028582,0.026738158612114923,0.028916121282891748,0.02242423483504162,0.0184385618065958,0.02363127948763181,0.024336680470088645,0.03397723244163267,0.016739666711844705,0.030505869044410442,0.03666559846158364,False,False
0.14163065172318134,0.02623906847790221,0.002028546646137962,0.03424320167791761,203.72501568941362,107,0.1,17.899346711913022,0.026737474631787595,0.02891699848489124,0.0224241306253263,0.0184356725515573,0.023633908496986596,0.024354464319684056,0.033964774871358155,0.01673491571950253,0.03051728156015242,0.0366710635177759,False,False
0.15530760982617112,0.02624086732901688,0.0020288055242624124,0.03424342658185636,203.57859432506226,120,0.1,15.312304972097028,0.02673568843381595,0.028913382898140074,0.022422515728702554,0.0184345062131682,0.023636786578793784,0.024371689306436035,0.03395481569222651,0.01673235289025075,0.030526885505238476,0.03668005004339647,False,False
0.16880341341520722,0.026244097492607837,0.002028912741509948,0.03424416452989669,203.45498387985342,126,0.1,13.099175480100424,0.026735455150240048,0.028914875854989596,0.02242098872154733,0.018434791163816522,0.023643090610096264,0.024389691589788796,0.03394532069909919,0.016732264630640162,0.030534850477258763,0.03668964602860173,False,False
0.18282285034378498,0.02624771502549606,0.0020287543283207853,0.034247762771218236,203.34483862828804,131,0.1,11.205915671817047,0.026734845738954544,0.028919600136916086,0.02242434857515408,0.018432933415954037,0.023648049891248833,0.024407848781023186,0.03393501971418496,0.016735231311545216,0.030541897893799887,0.03669737479617978,False,False
0.1966227496791826,0.026251455616658127,0.002028299303081447,0.03425088690690814,203.25228450335703,141,0.1,9.586293903355834,0.026733602089636824,0.028926504690215637,0.022430415602265094,0.01843296442416279,0.02365193165847169,0.024422205958390057,0.03392850631657462,0.016739723890137316,0.03054950697320418,0.036699194563523024,False,False
0.2112067091613404,0.026255542168595193,0.0020277691048493024,0.03425316654501015,203.1690042928958,148,0.1,8.200760517289886,0.026732901563900707,0.028928694586858525,0.022434891809415936,0.018432644637858552,0.023656826270130004,0.024441745077602186,0.03392484075917186,0.0167441660729818,0.0305614797234083,0.03669723118462405,False,False
0.2349781531836441,0.026261429978180005,0.002027870256192477,0.03424781786438475,203.05233773897046,156,0.1,7.01548207680112,0.026731918204107752,0.02893385036220314,0.02243877794325247,0.01843305445619268,0.023661836132585694,0.024462898963325756,0.03392557884891254,0.016747476362378874,0.03057952775766886,0.03669938075117231,False,False
0.25727008895907255,0.02626705472525872,0.0020281675830641287,0.03424164895826524,202.95866655670858,163,0.1,6.001515184616385,0.0267306626307907,0.02894106281462869,0.02243859139665002,0.018432701984235824,0.02366548632194698,0.02448145089510696,0.033928940639870855,0.016752827836677583,0.03059717089707696,0.03670165183560266,False,False
0.28416067042741844,0.02627211052636149,0.0020285765473232126,0.03423435270560057,202.8622957092317,170,0.1,5.1340997121618175,0.026731893767110177,0.028938400856258657,0.02243678268595861,0.018432473918043483,0.02366852182465442,0.02450041088705137,0.03393408313439568,0.016757713854007723,0.030614944890010144,0.0367058794461246,False,False
0.31632128922070324,0.026277250482922086,0.002028872449626138,0.034226575839745615,202.76402637057672,174,0.1,4.392054180248636,0.026741779749666513,0.028926138058573938,0.022435354899032377,0.018435196225706392,0.02367319226652186,0.02451681182344584,0.03393987761057187,0.0167613441830638,0.030631412807896347,0.03671139720474193,False,False
0.34974819875207014,0.02628325248745588,0.0020292024618823222,0.034218317462418844,202.67593416088863,181,0.1,3.7572585270489447,0.026759345259690547,0.028912295325709235,0.022431378420951477,0.01843840951952493,0.02367273624098614,0.02454780243297202,0.03394859551501706,0.01676221119972155,0.03064522105618159,0.036714529903804305,False,False
0.3790787317617098,0.026287647838498372,0.0020306494572411,0.0342113520555283,202.6097455784603,184,0.1,3.214211633036557,0.026777795613883354,0.02890078142769473,0.02242586883528501,0.018440581458563803,0.02366428473993584,0.024562866150846536,0.03396956596524017,0.016758656143336412,0.030658367778813127,0.03671771027138476,False,False
0.40618620344800144,0.0262898915131247,0.002032172291114218,0.03420578970683649,202.5576044112996,191,0.1,2.749652798063356,0.026791625554887913,0.028891978691289687,0.022419360531648284,0.01844368254249958,0.02365592577163424,0.024566999230922287,0.03398813913317755,0.016752626342372613,0.0306669293598992,0.036721647972915675,False,False
0.43824309940915646,0.026291292844149328,0.0020330671512618697,0.03420120625574246,202.50479680901478,194,0.1,2.3522379273933907,0.026800609516591665,0.028886040874248255,0.02241030749233236,0.01844863825737688,0.023653365915681557,0.024570487355527398,0.03399658205024166,0.016748445309180692,0.03067193402362374,0.036726517646689064,False,False
0.4688180705447421,0.026293311619008997,0.0020338772635109734,0.034196912572293764,202.46162187471325,196,0.1,2.0122625194588184,0.02680631481707196,0.028881552877853257,0.02240319286269052,0.018454280540134354,0.02365499275259872,0.024574082848279777,0.03400567528898494,0.01674436095577505,0.030677155825673562,0.0367315074210278,False,False
0.5004864599531601,0.02629619816677935,0.0020351408292965034,0.034195678652796525,202.42342204122525,199,0.1,1.7214246909562565,0.026811054946741898,0.028878239595115374,0.022397236527571376,0.018458916062107488,0.023656474674097223,0.024575115532262635,0.034024294324174566,0.016740697384617878,0.030683808291104335,0.0367361443300007,False,False
0.527425402998862,0.02629843393026411,0.0020363381498243022,0.03419484259786213,202.39560090856702,207,0.1,1.4726224525768117,0.02681897258484527,0.028868581987130174,0.02238680852239216,0.01846270265483065,0.02365864681380911,0.02457576943720027,0.03404204834194842,0.016738674577183782,0.030691726144507128,0.036740408238794174,False,False
0.5605665551464843,0.026300477250933763,0.002037326571280028,0.034193116049918856,202.36648089243263,212,0.1,1.259780285031623,0.02682900588162212,0.028856302865320285,0.02237695934693135,0.018466492478200737,0.02366182749309785,0.02457628652830939,0.0340565080188182,0.016737237925942918,0.03069892021965428,0.03674523175144048,False,False
0.5965179420461378,0.026302339049323265,0.002038088749061493,0.034191253675068735,202.33928070708842,213,0.1,1.0777007805207126,0.026837343174123302,0.028845548595859832,0.022368056979730645,0.01847053208611027,0.023664956529284402,0.024578463417253196,0.03406708104864496,0.016736089853391655,0.030705246709796505,0.03675007209903785,False,False
0.6319574741489983,0.026303780771207364,0.0020389206453735186,0.03419072936752728,202.31637080030114,217,0.1,0.921937726867824,0.026844444803646058,0.028836628690071208,0.02236036640490469,0.018473324019628694,0.023665835747563656,0.024580709752312902,0.03407670758078933,0.01673411135462416,0.0307106686284811,0.0367550107300518,False,False
0.6631295992595357,0.026304734396380043,0.002039615822488934,0.03419066974166387,202.29911103250458,218,0.1,0.7886875351538032,0.026850352366330387,0.028829017824461373,0.022353793523795566,0.018475700274062607,0.02366646313425238,0.024582464613810598,0.03408507754006904,0.016732020349783543,0.030713142925319566,0.03675931141191536,False,False
0.6906544396591813,0.026305746161514577,0.002040172508626754,0.034190183155808594,202.2860666639417,218,0.1,0.6746963596123229,0.026854634226849222,0.02882274502952815,0.02234863622849474,0.018478180402910133,0.023667017380425034,0.024585377635353255,0.03409250400494837,0.016730340630810605,0.030714957601768893,0.03676306847405734,False,False
0.7149883845242221,0.02630651790324528,0.0020406000644631133,0.034189977056866674,202.2762078058019,219,0.1,0.5771806417421687,0.02685760485709327,0.028817482113300673,0.022344309045082243,0.018480517588894383,0.023667537551673477,0.024587896888596285,0.03409796582332879,0.016728955129387987,0.03071659689085682,0.03676631314423889,False,False
0.7361296003037644,0.026307260739723642,0.0020409816901079338,0.03419037452678969,202.26887802107115,221,0.1,0.4937591383971902,0.026860547513983583,0.028813233248563552,0.022340743676082745,0.018482221986323516,0.023668346877274052,0.024589981472322796,0.03410256638596183,0.016727706534994034,0.030718128626733374,0.036769131074996964,False,False
0.7540726590119224,0.026308063421761667,0.002041299186727459,0.034191615931538466,202.26354927176675,222,0.1,0.4223947740431019,0.026863393311182347,0.028811759229037236,0.022337462383070585,0.018484081870121766,0.023669302227781856,0.024591802283755744,0.0341065044556535,0.01672655735591542,0.030718190270734653,0.03677158083036359,False,False
0.7698889847496309,0.026308640460852805,0.0020415468987244187,0.034192740449627536,202.259537614075,223,0.1,0.3613448972672997,0.026866409046358737,0.028808742700457038,0.02233592196354226,0.018485916688264742,0.0236700847635628,0.024593382400539966,0.034109873075604626,0.016724678392742096,0.030717676068375423,0.03677371950908042,False,False
0.7841640283647318,0.02630926386847578,0.0020417539370746265,0.03419369139209492,202.2564421598872,224,0.1,0.30911872685193686,0.02686960609964056,0.02880623294423413,0.022334451587234846,0.01848803721799381,0.023670808551095622,0.024594759691273314,0.034112949068946775,0.016722979292705508,0.030717278485694558,0.036775535745938705,False,False
0.8002488069420315,0.02630986975135332,0.0020419072800802493,0.03419483833039235,202.25342739731013,224,0.1,0.2644409482829295,0.026872445625294995,0.02880399860798499,0.02233410609251627,0.01848989101788388,0.02367114422933242,0.024595952306403098,0.03411572108637108,0.01672153692305092,0.03071705230622721,0.036776849318468335,False,False
0.8112846399852027,0.026310530847342927,0.002042023093971467,0.03419555882732391,202.25167330086114,224,0.1,0.22622057175549207,0.026874929579963264,0.028802112585627825,0.022334957877601595,0.0184914937667723,0.023671382455051324,0.024597012791215244,0.03411818346132531,0.016720311946962305,0.030716841165350266,0.036778082843559864,False,False
0.8330537022668336,0.026310912099971745,0.002042162448967682,0.03419747104168044,202.24876045692014,226,0.1,0.1935242912176674,0.026877092639449016,0.02880049107050243,0.022333828160704842,0.01849288924105838,0.023671431240173634,0.024597968574225824,0.03412026234490886,0.016719281047649266,0.030716755456525174,0.03677912122452002,False,False
0.8613357000863721,0.026311339806711027,0.0020422583649126677,0.03419994017635361,202.2454524314606,227,0.1,0.1655536939044593,0.026879441429805244,0.02879911960455327,0.022333738464454574,0.018494210571920543,0.023671164524230976,0.024598819167898512,0.03412205697688986,0.016718344461209175,0.030716610212680646,0.03677989265346746,False,False
0.8855707863925634,0.026311997883657668,0.002042275648414493,0.03420211145312662,202.24302396987355,227,0.1,0.1416257638405926,0.026882894176346043,0.028797964795324166,0.022335150797315427,0.01849580701809645,0.023670940212753584,0.02459950358607444,0.03412322789716775,0.016717549983680184,0.030716377675810005,0.036780562694008645,False,False
0.9063164124958798,0.026312596702805512,0.0020422906055040714,0.034204009736892874,202.24124284161846,225,0.1,0.12115620322556292,0.026885855986513392,0.028797059831968574,0.0223365346544646,0.0184974703448836,0.02367076352051133,0.02460009518785372,0.034124349964286246,0.016716589250288048,0.030716188681834355,0.03678105960545128,False,False
0.9240689112833147,0.026313233413927734,0.0020423145488041423,0.03420566375720275,202.23993678933752,225,0.1,0.10364516442471366,0.026888408455758916,0.02879682188939631,0.02233772994970588,0.018499120214965165,0.02367061947638214,0.02460058767349733,0.03412577659797226,0.016715817306696572,0.030716033243208214,0.036781419331694556,False,False
0.939265288109178,0.026313826299025157,0.0020423265384275514,0.03420710021976303,202.23897859105185,226,0.1,0.08866504415482875,0.026890675914,0.028796653922990974,0.02233876087412063,0.018500569202480076,0.023670497728392307,0.024601002199628286,0.03412700264028525,0.01671539759354157,0.03071588564074357,0.0367818172740689,False,False
0.9519166536375133,0.02631434214276559,0.0020423298846230383,0.03420832089101322,202.23829354427482,226,0.1,0.07585004180960314,0.026892537444810183,0.0287965187474428,0.022339666523482016,0.018501949723984473,0.02367039835629745,0.02460135407733046,0.0341280550399596,0.016715040329533432,0.0307157416398365,0.03678215954497898,False,False
0.9593318893361888,0.02631482146534463,0.002042328814964842,0.03420917315881867,202.23795153565635,226,0.1,0.06488722694901208,0.02689417319996369,0.028796408351119834,0.02234058234311116,0.018503233243257415,0.023670333774590806,0.024601656414191996,0.034128957905969,0.016714735758121744,0.0307156209333239,0.03678251272979676,False,False
0.9701345816695454,0.02631525025351845,0.0020423258330379518,0.034210130815835425,202.23752257177048,228,0.1,0.05550889782897313,0.02689561200632387,0.028796318798423492,0.022341381571545582,0.018504404588777387,0.02367029959321923,0.02460191602045629,0.03412973216335371,0.016714477374784518,0.030715519482436098,0.03678284093586432,False,False
0.9794261521976027,0.026315630409541286,0.002042320906544431,0.0342109540865222,202.23720585835272,228,0.1,0.047486044373703754,0.02689687348210154,0.02879624475736151,0.02234206923298721,0.018505445209742136,0.02367027496998699,0.024602192407078224,0.03413039589633382,0.016714257166748788,0.030715434016183332,0.0367831169568893,False,False
0.9873765044941555,0.026315942004523397,0.002042315324290311,0.03421166392101457,202.23697322855452,228,0.1,0.04062275596263769,0.026897792910932403,0.02879618328646105,0.02234264711016486,0.01850636353081625,0.023670256258879193,0.024602427266542732,0.034130964706875024,0.016714069198803725,0.030715361878569138,0.03678335389718962,False,False
0.9941795404196464,0.026316240091461534,0.0020423106220837954,0.034212275289036344,202.23680226001224,228,0.1,0.034751437475256344,0.026898909746343416,0.028796132089094945,0.022343139202902023,0.01850717615909713,0.02367024146144097,0.024602590486388982,0.03413144500739199,0.016713908705048054,0.030715300873429708,0.0367835571834781,False,False
1.0,0.026316488014903206,0.002042305861226275,0.034212801251213794,202.23667654853801,228,0.1,0.029728716774100356,0.026899761397029893,0.02879608931611216,0.022343561421489237,0.01850789112200975,0.02367022969349273,0.024602731106987276,0.034131856707784444,0.01671377163254387,0.030715249213313426,0.03678373853826932,False,False
0.0,0.026399197625231453,0.0020192256762348345,0.034359910560214854,209.2954830454412,0,0.25,356.74460128920424,0.026806952091732884,0.028949769000098758,0.022650162645829267,0.018759207668903634,0.023780515156166762,0.02441877860832775,0.034259461784546606,0.016939211012546595,0.030648670153366944,0.03677924813079533,False,False
0.0012992766981842394,0.026396547719309448,0.002019260613107526,0.03436044918376484,209.06391747313438,1,0.25,305.1833242860085,0.026802811673945964,0.02894761534574012,0.022650162645829267,0.018757389446032332,0.0237751079923129,0.02441877860832775,0.034256294918168284,0.01693504898498264,0.03064383599739042,0.036778431580364784,False,False
0.0024120483048088166,0.026386658572415272,0.002020375449696492,0.0343611251394951,208.8941580954647,1,0.25,261.07434025821516,0.026790168905177353,0.028944940598591436,0.02264128005366214,0.01874147350555984,0.023761121677744065,0.024391808795342522,0.03425322993304037,0.01693069248928646,0.03063400852032829,0.03677786124542024,False,False
0.004610041741088483,0.026377030894869435,0.0020217528291146362,0.03435188116498166,208.61481797332326,3,0.25,223.34054883478828,0.026781878193516698,0.028945291705482268,0.02261448046568148,0.01872909964875995,0.023748469571838047,0.024368257001325205,0.03425123137212389,0.01692764111645833,0.030626444396238833,0.036777515477269665,False,False
0.008169217520463947,0.026356724663945875,0.002022707617037828,0.034331412611122096,208.21823587276702,4,0.25,191.06052591951288,0.026766110130549525,0.0289341814818263,0.02258358612926493,0.01870256085291596,0.023731981375125815,0.024332528993469757,0.034238395243449966,0.01691459779351637,0.03059805016659455,0.03676525447274558,False,False
0.012188173690114159,0.026335023834091233,0.0020233460139205657,0.03431883391534914,207.8348183789142,5,0.25,163.4460233714392,0.026752642074483305,0.028918331224922347,0.02255405468431636,0.018675246324185657,0.02371772239575321,0.024303954227266097,0.03421518880285421,0.016892484200514486,0.030571278319567713,0.03674933608704893,False,False
0.017451204248769836,0.026318032453565204,0.0020239756381621194,0.03430603855952315,207.40804325284682,9,0.25,139.82272071830772,0.02675227888436219,0.028911981723332935,0.022530509031400414,0.018646060880113315,0.023710746431461278,0.02428234326632788,0.03419219193828675,0.016870124881381957,0.03055402323487802,0.036730064264107305,False,False
0.023089217501190536,0.02630070107619717,0.002025045245764775,0.034293553259648,207.01435864832115,10,0.25,119.61375887769776,0.026750255919601614,0.028904767876163577,0.022512551207921817,0.01861045402555931,0.023699320832711403,0.02426274448457943,0.0341680630229361,0.016845893313593763,0.03053971759483582,0.03671324248406888,False,False
0.029548661852280052,0.026284555449276863,0.002025683387265964,0.03428272257771896,206.63114473021872,19,0.25,102.32565379468166,0.02674999755192706,0.028892815779561484,0.02249714736730728,0.018577192870042312,0.023691724826456737,0.024240614326084847,0.03414327576359803,0.016829134023024595,0.030521915154085453,0.03670173683068081,False,False
0.037679678496721894,0.026271033705187186,0.00202593493190381,0.03426974235299283,206.21614005868616,23,0.25,87.53624602011654,0.026747341882817147,0.02888641060671821,0.022486046961833005,0.018551259145923257,0.023684981692235103,0.024229584561257383,0.034123430168506,0.0168125184984787,0.030498632405966446,0.036690131128136586,False,False
0.046554621210978545,0.026260071104167265,0.0020270195078579954,0.03425947082276879,205.82923220389046,32,0.25,74.88439196948117,0.026750930906237234,0.02888627238371352,0.022471199944196645,0.018526235370758874,0.023677494625147056,0.02422238718294794,0.03410047781573658,0.016794127161769635,0.03048282934596461,0.03668875630520057,False,False
0.056330079583947444,0.02625207810474458,0.002027594643418847,0.03425134095199764,205.4646736112664,41,0.25,64.06114513238556,0.026746572422121237,0.028888504413313615,0.022459807720370244,0.018505561873167622,0.023660736270860613,0.0242414516199142,0.034080623337280756,0.016780362713030655,0.030471728840150057,0.03668543183723681,False,False
0.06711698028634043,0.026245254561137698,0.0020279996909421468,0.034247050865761436,205.12034745165298,51,0.25,54.80221188609059,0.02673913757286171,0.02889236932012663,0.022450926278016287,0.018484220429830632,0.023645864765624827,0.024261356611115614,0.03406772992750308,0.016769840215361112,0.030465591122937025,0.03667550936800002,False,False
0.07829155762038324,0.026240193822308307,0.002028042494289103,0.03424429850519244,204.81484030034764,60,0.25,46.881497691019035,0.02673773105240473,0.028897393664836346,0.022443035445560127,0.01846976216574258,0.023632890359106207,0.02427613331319163,0.034052929919428945,0.01676250601915492,0.030463185748044592,0.03666637053561299,False,False
0.08978255673868628,0.02623660290428679,0.0020281100151577545,0.034243377279671305,204.54614926616748,71,0.25,40.10558607235464,0.02673630939800433,0.02890022248868561,0.022435398762843048,0.018458807522761175,0.023627328211399134,0.024290415398398057,0.03403610490536803,0.016753589429746953,0.030468137878880277,0.036659715046781303,False,False
0.10121670459422032,0.02623491659473806,0.002027974109372913,0.03424421136922149,204.3175470358533,79,0.25,34.309015569593775,0.02673555697018107,0.028904526421931892,0.022428505385365963,0.01845077810336686,0.023624395538774885,0.02430639530634344,0.034013673509070565,0.016748333708268264,0.030479743568030824,0.03665725743604689,False,False
0.11353562151621163,0.026235613256504565,0.00202809921693306,0.0342430138339287,204.1074022283632,85,0.25,29.350239321549918,0.02673627332793986,0.02890890521434764,0.022425560440684143,0.018443054761559545,0.023627585084691375,0.02432162688906613,0.033994243855783174,0.016744784224465892,0.030493346234255803,0.03666075253225205,False,False
0.12802150862144548,0.02623728096757359,0.0020283257116067476,0.034243187231154756,203.89587685908987,98,0.25,25.108168623634295,0.026737977067285465,0.02891587387106494,0.022424180840387144,0.01843855636064332,0.023631153520246386,0.024336767140173313,0.03397722806589292,0.016739691586250327,0.03050583786469679,0.03666554335909528,False,False
0.14163230750183498,0.02623902492521361,0.002028542153426943,0.03424317641567256,203.72549030454658,108,0.25,21.479216054295627,0.026737341426445165,0.02891682859404688,0.022424066170757206,0.01843573014535958,0.023633755001173304,0.024354524804028235,0.03396479450011947,0.016734931195954938,0.030517229553095656,0.03667104786115567,False,False
0.15530398950506336,0.026240824903824685,0.0020288056701810303,0.03424337963005195,203.57909340190338,120,0.25,18.37476596651643,0.02673559257549698,0.028913255232921087,0.02242239881150544,0.018434562046100344,0.023636632825998632,0.02437169825525786,0.03395487307697289,0.016732363251152464,0.03052683184209782,0.03668004112074329,False,False
0.16878812765937576,0.02624405656338104,0.0020289172339033866,0.0342440993751544,203.4555442109336,126,0.25,15.719010576120509,0.026735382207225072,0.028914795519426644,0.022420895357443505,0.0184348228163259,0.023642889746706083,0.024389678447737553,0.03394541252441613,0.016732256523333083,0.03053480197785097,0.0366896305133455,False,False
0.1828172902745438,0.026247684716859954,0.002028758744903884,0.03424769193522265,203.34527820959312,131,0.25,13.447098806180456,0.026734794435881476,0.028919497947709497,0.02242424447277541,0.01843295705748744,0.02364796039849723,0.02440782424966625,0.03393512375537833,0.016735221053798814,0.03054186103061715,0.036697362766787936,False,False
0.19663057427773997,0.02625142812398008,0.00202830505539857,0.034250868576977705,203.2526030945628,141,0.25,11.503552684027001,0.02673360795035697,0.028926405299258922,0.022430364392960155,0.01843297231607016,0.023651863512005895,0.02442215683739146,0.03392859976623886,0.016739687263669194,0.03054940006709883,0.03669922383475035,False,False
0.21116584229526808,0.02625548924894272,0.0020277719864212475,0.03425315571758309,203.16955850847097,148,0.25,9.840912620747863,0.026732897106013013,0.028928594754821717,0.022434838326940137,0.018432659423805384,0.023656741558584885,0.024441581018291147,0.03392490474179839,0.016744128036409248,0.030561309897721944,0.03669723762504137,False,False
0.234855133970341,0.026261350460175324,0.0020278683017224443,0.034247855265029895,203.0532180580331,156,0.25,8.418578492161343,0.026731869342195683,0.02893371300879178,0.022438750430518,0.01843307817174945,0.02366175100627142,0.02446265691076823,0.03392560653184387,0.016747429624441007,0.030579282153433758,0.036699367421740035,False,False
0.2570818561264898,0.026266950659532762,0.002028159911274721,0.03424172974345217,202.9597003143522,163,0.25,7.201818221539662,0.026730554192585885,0.02894092431154292,0.022438608640187294,0.01843274006937968,0.02366543946187431,0.0244810968773622,0.03392891099736862,0.016752755641187382,0.030596878559590604,0.03670159784424871,False,False
0.2838015842696818,0.026271995588917303,0.0020285661287558305,0.034234501165719675,202.86377674562985,170,0.25,6.1609196545941805,0.02673172988808555,0.02893838957401596,0.022436828157229787,0.018432516708368204,0.023668482279007284,0.024499958734038315,0.033934016608372454,0.016757638806090054,0.030614602926512417,0.036705792207453014,False,False
0.31590542815139183,0.026277120485375997,0.0020288628253587702,0.03422677347853317,202.76548495222667,174,0.25,5.270465016298363,0.02674127966448489,0.02892632013864044,0.022435446886650168,0.018435219318984657,0.02367313709437785,0.02451634462074474,0.03393978609155584,0.016761268336481297,0.030631118364238773,0.03671128433760134,False,False
0.34927948804894215,0.02628312668537529,0.0020291995764454823,0.03421852967599715,202.67733634806146,181,0.25,4.508710232458733,0.026758758337002184,0.028912597509531825,0.02243151079984721,0.018438409196445942,0.023672797247324382,0.02454711269633564,0.03394853605672984,0.016762137294274563,0.030644931107655676,0.03671447660860561,False,False
0.37864092304265384,0.026287529807038364,0.002030626894666624,0.03421156732381857,202.6108993160835,184,0.25,3.8570539596438684,0.026777034531357092,0.02890105566681362,0.022426003718177486,0.018440571799684544,0.02366444888424604,0.024562461936027954,0.03396932393175257,0.016758687032058697,0.030658087635082473,0.03671762293518314,False,False
0.4057148024434776,0.026289865134713007,0.002032159142421289,0.034205992611904025,202.558667304644,191,0.25,3.299583357676027,0.026791349977499962,0.028892301835511634,0.022419533218480236,0.018443657222406762,0.023656095002614546,0.02456660541444907,0.03398794282273375,0.016752678518116165,0.030666916637413794,0.03672157069790414,False,False
0.437769811185275,0.02629126527103413,0.0020330567441015053,0.03420139143357799,202.50572527236358,194,0.25,2.8226855128720687,0.026800356793953962,0.02888642142996832,0.022410486417363568,0.018448569220880572,0.023653468712251203,0.0245700900282117,0.033996430012864634,0.016748510894332113,0.030671908104972445,0.03672641109554282,False,False
0.4683415230532867,0.026293288485685545,0.0020338604133377266,0.034197081046235055,202.46243337778245,196,0.25,2.414715023350582,0.02680609153804377,0.02888190967666745,0.022403333591325857,0.018454193697458644,0.023655065243206864,0.024573921585556095,0.03400542991536436,0.016744445139538842,0.030677098807170466,0.03673139566252314,False,False
0.49992993745476416,0.026296134770090747,0.0020351149988343965,0.03419577509392159,202.42421593296217,199,0.25,2.065709629147508,0.02681080284482862,0.028878544394785075,0.02239736698929523,0.018458808572853785,0.02365651536129109,0.024575010396234387,0.03402390885148133,0.016740768692707086,0.03068359013081118,0.03673603146661969,False,False
0.5268829694035951,0.02629833232152997,0.0020363122555806658,0.03419493172619121,202.39627684607336,208,0.25,1.767146943092174,0.026818178332695314,0.028869005483319922,0.022386943741053447,0.01846263014934715,0.023658723557181096,0.024575627050389875,0.03404166974421916,0.016738735097062526,0.030691495709605256,0.03674031435042594,False,False
0.5599122350761286,0.026300380251648204,0.0020373043400111843,0.034193245986139015,202.36715886171436,212,0.25,1.5117363420379477,0.026828277464862976,0.02885676278448917,0.022377034826326428,0.018466402790504863,0.023661868252686985,0.024576148484434745,0.03405618941261525,0.0167373083361292,0.030698703488326706,0.036745106676105775,False,False
0.5958715784864187,0.026302248125568826,0.0020380680746791362,0.034191371810351937,202.33986284149037,213,0.25,1.293240936624855,0.026836705629370298,0.028845980090154474,0.02236814419084785,0.018470420463283017,0.023665004196423683,0.024578255275166123,0.03406676146065349,0.016736176605101554,0.030705084459580263,0.03674994888510754,False,False
0.6312699039062053,0.02630369831794871,0.0020388997567564408,0.034190808303481236,202.31689990671353,217,0.25,1.1063252722413888,0.02684387055452957,0.028837020904997773,0.02236044210474705,0.018473229235892154,0.023665863856547124,0.02458052099156573,0.03407641992615257,0.016734212253415686,0.03071052386987059,0.036754879481768865,False,False
0.6624866087470273,0.026304662685699726,0.0020395974205764857,0.03419072769778089,202.29954579722775,219,0.25,0.9464250421845638,0.026849845507544615,0.0288293790138666,0.02235385691188183,0.018475614869003218,0.02366648759831576,0.024582295052690047,0.03408483004501482,0.01673211264316359,0.03071301813528457,0.03675918708023221,False,False
0.6901326138877516,0.026305679202879257,0.002040157711299006,0.03419026202772089,202.28638909058057,219,0.25,0.8096356315347875,0.026854200197983912,0.028823065713338807,0.022348685506350274,0.018478097618729247,0.023667036736964738,0.024585198266691897,0.03409229710683422,0.01673041170032059,0.030714847208753365,0.036762951972825524,False,False
0.7145293755553558,0.026306455445038263,0.0020405883766209205,0.034190041407481074,202.27646277427775,221,0.25,0.6926167700906024,0.026857224034983106,0.028817766855097546,0.02234434956626498,0.018480412805469235,0.023667553603722,0.02458773695086261,0.03409778203531093,0.016729018473120312,0.03071650004197219,0.03676621008357972,False,False
0.7357346561560174,0.026307196172091256,0.002040970767584002,0.034190399918614243,202.2690775783453,222,0.25,0.5925109660766282,0.026860208582359477,0.028813384181908264,0.02234079092273373,0.018482123486881896,0.023668348350735773,0.02458983988432384,0.034102421524619835,0.01672776274615666,0.03071804489923803,0.03676903714195504,False,False
0.7537637709911663,0.026308008093924036,0.0020412894717054676,0.034191633904875014,202.26369782845845,223,0.25,0.5068737288517222,0.026863097186302035,0.02881189082171171,0.022337508846014355,0.018483987440145698,0.023669303222446803,0.02459167755770106,0.0341063716319128,0.016726614224694687,0.03071813387816899,0.03677149613014223,False,False
0.7696446318150844,0.02630859928406281,0.002041538811857555,0.03419275457889391,202.25965062240104,224,0.25,0.4336138767207596,0.02686614804730091,0.028808919865152743,0.022335972051925657,0.01848583354669461,0.02367008489056128,0.02459327292125917,0.03410975788676128,0.016724731155448456,0.030717631415948382,0.036773641059575646,False,False
0.7839666587909249,0.026309226595353098,0.0020417467732418925,0.03419370350014159,202.25653020890942,225,0.25,0.37094247222232424,0.026869373951334635,0.028806378559944834,0.022334492128981632,0.018487963286669826,0.023670806054003114,0.02459466392016557,0.03411284132183763,0.016723029722731,0.030717244815415247,0.036775472192447485,False,False
0.8001077637533304,0.02630983682512491,0.0020419014146486015,0.034194847921121735,202.25349384597456,225,0.25,0.31732913793951545,0.02687224153619864,0.02880413218486749,0.022334121445746022,0.01848982665860667,0.023671148987559384,0.024595868873862493,0.03411562512151448,0.01672158275598559,0.030717024787740226,0.03677679589916811,False,False
0.8111960404204411,0.026310500371645125,0.0020420182193596295,0.03419556647320486,202.25172289443324,224,0.25,0.27146468610659047,0.02687475088705016,0.028802229930299253,0.022334956971504137,0.018491437546960157,0.023671384777173402,0.02459693941453382,0.0341180987742737,0.016720352549563763,0.030716817227627834,0.03677803563746498,False,False
0.8326892464476441,0.026310890821152465,0.0020421568682505668,0.03419744509242482,202.248838288421,227,0.25,0.23222914946120088,0.026876936552262466,0.028800591819172872,0.022333878010647863,0.018492840598087448,0.02367143777218085,0.024597904672625945,0.034120188263546,0.016719316949914628,0.030716735483117978,0.03677907808996861,False,False
0.8609646100699571,0.026311308823375085,0.002042255091832383,0.034199908476028586,202.24552070782664,228,0.25,0.19866443268535114,0.02687923808825544,0.028799207050920636,0.022333713135561838,0.018494165085456187,0.023671171512481735,0.02459876669621845,0.03412199224210686,0.016718377582924028,0.030716598040497832,0.036779858799327866,False,False
0.8852128595977946,0.026311969861273543,0.0020422743269766287,0.03420207614594742,202.24308193961028,228,0.25,0.16995091660871112,0.026882704509420246,0.028798040236146592,0.022335117027740457,0.018495757933095266,0.02367094753406184,0.02459945857468244,0.03412318791945375,0.016717579147287914,0.03071636830387958,0.036780537426967304,False,False
0.9059829515938209,0.026312567653846108,0.002042288602061859,0.0342039722997667,202.24129108953332,227,0.25,0.14538744387067548,0.0268856822305071,0.028797106065268398,0.022336498418190548,0.018497415521403302,0.0236707709601853,0.024600056720728344,0.03412429628223379,0.01671662709452052,0.03071618169342107,0.03678104155200271,False,False
0.9237664925083693,0.02631320528580956,0.0020423133668550377,0.03420562539172456,202.2399764135758,227,0.25,0.12437419730965639,0.026888251163188225,0.028796857292902232,0.022337692895326302,0.018499069942104037,0.023670627232214365,0.024600554779007744,0.034125729410882925,0.01671584000796105,0.03071602817770822,0.03678140195680047,False,False
0.9389964177727156,0.026313798962027856,0.002042325999695758,0.034207061694194706,202.2390108901219,228,0.25,0.1063980529857945,0.02689052748932103,0.028796681209928843,0.02233872405102658,0.018500513734015973,0.023670505525014197,0.02460097475972195,0.03412696125079382,0.016715417383553543,0.030715882055762856,0.03678180216113977,False,False
0.9518547879808763,0.02631431660731755,0.0020423300583104266,0.034208290980579696,202.23831100755092,228,0.25,0.09102005017152377,0.026892411443922005,0.02879653934252296,0.022339625238424,0.018501890399306664,0.023670406069821324,0.02460133104251409,0.034128018721620516,0.016715057623405635,0.030715739371837792,0.0367821468198005,False,False
0.9592941719363866,0.026314796184535798,0.002042329363934961,0.03420914278981574,202.23796561017537,226,0.25,0.0778646723388145,0.026894057897499685,0.028796423339890756,0.02234054149153693,0.018503173046684376,0.0236703327151863,0.024601637227575836,0.03412892600853735,0.016714750856939416,0.03071561974656994,0.036782499514937436,False,False
0.9699336692760935,0.02631522656066713,0.0020423266799098625,0.03421009490748285,202.23754081447754,229,0.25,0.06661067739476775,0.026895508602954473,0.02879632895575875,0.022341342171124025,0.018504345561699966,0.02367029650717784,0.02460190016161848,0.03412970410493284,0.01671449052382036,0.030715519094939324,0.03678282992264526,False,False
0.9792772445452578,0.02631560808146035,0.002042322258611029,0.034210921116923254,202.23721996445533,229,0.25,0.0569832532484445,0.02689678896408047,0.028796250957330956,0.02234203155240655,0.018505381896655588,0.02367027243945213,0.02460217376218852,0.03413037118891192,0.01671426854030016,0.030715433898517292,0.036783107614759905,False,False
0.9872820648260898,0.02631592151022381,0.0020423168154165426,0.034211634385913556,202.23698392985418,228,0.25,0.048747307155165225,0.026897716621090674,0.0287961861200178,0.022342611278828257,0.018506300961592843,0.023670254331599416,0.02460241558182364,0.03413094334648782,0.016714079021076796,0.03071536194045524,0.03678334589926567,False,False
0.9941343794214755,0.026316220445794587,0.0020423122708225667,0.03421224897814682,202.23681035432938,228,0.25,0.041701724970307615,0.02689883538519669,0.028796133571421408,0.02234310503135746,0.018507114777907507,0.02367023977999806,0.02460258048214151,0.03413142686092791,0.016713917177313107,0.03071530104659572,0.03678355034508647,False,False
1.0,0.026316470279331428,0.002042307578306844,0.034212778009219326,202.23668263781977,228,0.25,0.03567446012892043,0.026899697730866295,0.02879609020211386,0.02234353108017969,0.01850783124647702,0.023670228228295214,0.024602722564965953,0.034131840821413406,0.016713778936728207,0.03071524943905068,0.03678373254322395,False,False
0.0,0.026399197625231453,0.0020192256762348345,0.034359910560214854,209.2954830454412,0,0.5,535.1169019338064,0.026806952091732884,0.028949769000098758,0.022650162645829267,0.018759207668903634,0.023780515156166762,0.02441877860832775,0.034259461784546606,0.016939211012546595,0.030648670153366944,0.03677924813079533,False,False
0.0012907499838642866,0.02639656812139235,0.002019260258980471,0.03436044426924775,209.06547905599177,1,0.5,457.7749864290127,0.026802847019982506,0.02894763175682965,0.022650162645829267,0.018757404121413843,0.02377515063149592,0.02441877860832775,0.03425631727943565,0.016935079121594886,0.0306438731702189,0.03677843685879511,False,False
0.0023987439468274494,0.026386737011557866,0.0020203672315925085,0.03436111464145439,208.89628527720907,1,0.5,391.6115103873227,0.026790275862910773,0.028944951763778433,0.02264134591184502,0.018741590091300647,0.02376124619737474,0.02439199055769065,0.03425326246499292,0.01693073988116163,0.03063409978470462,0.036777867599819235,False,False
0.004574658510416258,0.026377146483857694,0.002021736990676388,0.0343520347260379,208.6194948673786,3,0.5,335.01082325218243,0.026781993471772382,0.028945264855936556,0.022614699432979456,0.018729260913886867,0.023748675349505005,0.02436854198673632,0.034251261956599284,0.01692768980926457,0.030626556346197195,0.03677752071569935,False,False
0.008120035789273884,0.026357028233825658,0.002022694806970141,0.03433163360372685,208.22393885532594,4,0.5,286.5907888792693,0.026766382865610273,0.028934284886856076,0.022584018091033234,0.0187029377423858,0.023732251418037007,0.0243330726324166,0.034238648355574657,0.016914801291190506,0.030598455724985835,0.036765429330166556,False,False
0.01213192006931221,0.026335380247031647,0.0020233341162287544,0.03431911705821455,207.84059092338043,5,0.5,245.16903505715882,0.02675295992957539,0.02891843843611493,0.02255455471873588,0.018675694838689513,0.02371798427424544,0.02430457753995253,0.03421551961720301,0.01689274226500223,0.030571752611342286,0.036749578239455266,False,False
0.01738414721530306,0.02631838221556721,0.0020239620446215857,0.0343063368695997,207.414095946248,9,0.5,209.73408107746158,0.02675251219671622,0.028912049604220568,0.02253101045938591,0.018646537716827807,0.023710972530676992,0.024282960508317943,0.03419256827474308,0.01687041869412447,0.03055448869413707,0.036730303476521994,False,False
0.02301820859126595,0.026301038657013748,0.0020250299661820786,0.0342938343743621,207.0200663660323,10,0.5,179.42063831654664,0.02675043496576897,0.028904755459475108,0.022513015539582105,0.018610969515295433,0.023699526770867854,0.024263348335790736,0.03416847943457077,0.016846215730975465,0.030540148371008782,0.03671349244680223,False,False
0.0294799634676594,0.02628488013377716,0.0020256697832787,0.03428296818163795,206.63616950561047,19,0.5,153.4884806920225,0.026750192216851876,0.028892779107330648,0.022497580793195117,0.018577707226748476,0.023691902198811336,0.024241204772038276,0.03414370069850546,0.016829430447966018,0.030522324572478582,0.0367019793038458,False,False
0.03761022892167256,0.026271306232518322,0.002025927358753274,0.03426997042635598,206.22076181803507,23,0.5,131.3043690301748,0.026747457383932464,0.028886363762593247,0.022486412304569207,0.018551682535760804,0.023685124666444516,0.024230080142817332,0.03412384481465587,0.016812756753538726,0.030499002107888893,0.03669033785298216,False,False
0.046494561453081104,0.02626041744745467,0.0020269934739283713,0.03425963313125155,205.83307639659807,32,0.5,112.32658795422176,0.026750992838507355,0.028886168206370147,0.022472172986891716,0.018526841703006676,0.02367759770576387,0.024222802530680477,0.034100863746687686,0.016794355621175542,0.030483499090314555,0.036688880045148656,False,False
0.05630967884088511,0.026252293458982556,0.0020275644269210956,0.03425155029680466,205.46688437629408,42,0.5,96.09171769857836,0.02674650247756041,0.02888837435382795,0.02246035007419552,0.01850610892194091,0.023660845777061096,0.024241773870187666,0.03408096082815092,0.01678054558546058,0.030472062939225157,0.03668540976221535,False,False
0.06710566209520231,0.026245420510378557,0.0020279729721066004,0.03424723561341756,205.122194782688,51,0.5,82.20331782913588,0.02673911854639273,0.02889221465593436,0.022451214365265895,0.0184846251207906,0.023646268026677804,0.024261580294565675,0.03406802177944588,0.016769994332220713,0.030465632791761357,0.036675535190730586,False,False
0.07826925074099915,0.026240268770508873,0.0020280351793598686,0.03424441285785601,204.81689674370875,60,0.5,70.32224653652855,0.02673763437445348,0.028897238012522034,0.022443198111371312,0.01847007188896487,0.023633522708855215,0.02427599520796299,0.034053204210617506,0.016762351522924063,0.030463056288861395,0.03666641537855588,False,False
0.08975820986694974,0.02623657730677804,0.0020280733210598346,0.03424341918732468,204.54813429179467,71,0.5,60.15837910853196,0.026736210296416544,0.02890005766764261,0.022435473216103473,0.018459208381604954,0.023627660035415204,0.024290348698958495,0.03403575696513842,0.016753438468864294,0.030467872308325886,0.03665974702931053,False,False
0.10118912961398478,0.026234896142650822,0.0020279623442017143,0.03424416097087582,204.3194624390991,79,0.5,51.46352335439067,0.026735465719400983,0.02890435466253653,0.022428489139848438,0.01845100098257871,0.023624457378494564,0.02430631115884488,0.03401349127339292,0.01674837377972253,0.03047947541753837,0.03665754191415027,False,False
0.11352313294529649,0.02623551534440517,0.0020280862324255733,0.03424297200477872,204.1089552915142,86,0.5,44.02535898232488,0.026736168750265424,0.02890856866835542,0.022425481780072816,0.018443133543472316,0.023627387867556002,0.024321608943034614,0.03399422938132862,0.016744821211487848,0.03049295509874016,0.03666079819973842,False,False
0.12802770495211832,0.026237116200822464,0.0020283044364690635,0.03424316809583147,203.89709957163598,98,0.5,37.66225293545145,0.026737442725307398,0.028915186941593656,0.022424036960885033,0.018438549448226885,0.023630804092374794,0.024337018104975502,0.03397721893223189,0.016739769174056326,0.03050574761087571,0.036665388017697406,False,False
0.14161189803761334,0.026238904996229495,0.002028528205470091,0.03424309740638429,203.7269594386932,108,0.5,32.21882408144344,0.026736957542984517,0.028916364271597373,0.022423875621213007,0.018435919133995202,0.023633319077423325,0.0243546917786295,0.033964880410543526,0.016734981802174587,0.030517083850122362,0.03667097647361158,False,False
0.15527360460855852,0.026240694660439816,0.0020288055742136916,0.03424325451510877,203.5805513617775,120,0.5,27.56214894977465,0.026735314297828536,0.028912888901146915,0.022422056862574823,0.018434711827967656,0.023636156876112147,0.02437172663826693,0.03395501656971499,0.016732393928476606,0.030526674545669867,0.03668000615663966,False,False
0.16872402917964707,0.026243933576150978,0.002028928841113445,0.03424392126626014,203.45716440341218,126,0.5,23.578515864180766,0.026735155492743915,0.028914546434330588,0.022420627752517464,0.018434915097854217,0.023642310045696245,0.024389645975819583,0.033945665090909675,0.01673223254608035,0.03053465724704137,0.03668958007851635,False,False
0.18277109590208016,0.02624758965194583,0.002028770522161506,0.03424748440934419,203.34661193273146,131,0.5,20.170648209270684,0.026734626899598986,0.028919185544811963,0.0224239560812645,0.018433029184249272,0.023647690277748552,0.024407728691047192,0.033935413799161256,0.01673519024652358,0.0305417516466224,0.03669732414843058,False,False
0.1966291978754494,0.026251342674884777,0.0020283207241424124,0.03425081495034721,203.2535281336891,141,0.5,17.255329026040503,0.026733596670403172,0.028926119600643042,0.02243018663646397,0.018432995769856946,0.02365164920642261,0.024422009933090186,0.03392886908691471,0.016739607771371873,0.030549090055209466,0.036699302018471755,False,False
0.21101650446061282,0.026255336184358234,0.002027781833099759,0.034253124458852896,203.17119407061972,148,0.5,14.761368931121797,0.026732885514702872,0.02892829226015059,0.022434673543313466,0.018432691709698003,0.023656514062486346,0.0244411081008523,0.033925118863913015,0.01674400974523011,0.03056081703409642,0.03669725100913926,False,False
0.23447900641809263,0.02626112116754124,0.0020278634936716504,0.03424794869964713,203.0557365785593,157,0.5,12.627867738242015,0.026731734068326195,0.028933305936905435,0.022438649536289098,0.018433162136787834,0.02366150249595212,0.02446195883739804,0.033925708384884554,0.016747287760607552,0.030578577740398995,0.036699324777862564,False,False
0.2565151163324483,0.026266654597163985,0.0020281374776561227,0.034241948843216186,202.9626721620679,163,0.5,10.802727332309493,0.026730253462737445,0.028940515225806568,0.02243865365779925,0.01843286271658535,0.023665280843780636,0.024480137606626557,0.03392884068304881,0.016752537477593945,0.03059603178231068,0.03670143251535063,False,False
0.2827144385312473,0.026271663908497812,0.0020285362167490875,0.03423494166388604,202.86814204101967,170,0.5,9.241379481891272,0.02673128208943063,0.02893833944824668,0.022436955775186607,0.018432647291132667,0.023668349411858115,0.024498687944423118,0.033933821876943125,0.016757403717021477,0.030613614007054934,0.036705537523680797,False,False
0.31462059496079964,0.026276735717471873,0.0020288346038784513,0.03422733215415466,202.76987089308395,176,0.5,7.905697524447546,0.02673984748584676,0.02892683249812726,0.02243570295091928,0.018435276986205115,0.023672923688053293,0.024515081386972958,0.03393946665137485,0.016761015696939045,0.03063024688342302,0.03671096294685712,False,False
0.34785917845569736,0.026282734822670482,0.0020291888322815544,0.0342191496489029,202.6814903240391,181,0.5,6.763065348688101,0.026756902999706053,0.028913391128259164,0.022431898270704784,0.018438405510025613,0.023672961117683453,0.024545134592736672,0.03394835354791613,0.01676191131801645,0.03064408206602761,0.036714307675628895,False,False
0.3773093439592519,0.026287187850038564,0.0020305608748471225,0.03421220255509666,202.61431831525195,185,0.5,5.785580939465803,0.02677481451137483,0.028901922444145283,0.022426409470425828,0.018440558941358126,0.023664923484528776,0.02456126847391768,0.03396860055078653,0.016758761228330293,0.0306572543753519,0.0367173650201664,False,False
0.4042779664585991,0.026289757952245245,0.0020321157048027077,0.034206593014501234,202.56182320761053,191,0.5,4.949375036514041,0.026790350613270498,0.028893223691557883,0.02242000775695438,0.018443583724108262,0.023656588965211445,0.024565465975379265,0.03398736501673286,0.016752868463463185,0.030666786307023353,0.036721339008751346,False,False
0.43632168420164846,0.026291189434600893,0.00203302448802158,0.03420193929670208,202.50848746454344,193,0.5,4.234028269308103,0.026799547508107622,0.028887586284279565,0.022411003793751327,0.01844838079767183,0.02365380323139825,0.024568943275245784,0.03399598679414538,0.016748721141186383,0.030671826354201348,0.036726095166021426,False,False
0.46692343039439366,0.02629317392660064,0.00203381078662817,0.034197605637101905,202.46479379396862,197,0.5,3.6220725350258736,0.02680536429221288,0.028882917995539412,0.022403749143126147,0.018453950251729034,0.023655312327027705,0.024573075707131183,0.034004684777346035,0.016744697379473605,0.03067692852118819,0.0367310588712322,False,False
0.49818395664264153,0.026295935903325195,0.0020350369111031773,0.03419607634487072,202.4266349838882,199,0.5,3.0985644437212616,0.026810070730840185,0.02887936755021251,0.022397761730584758,0.018458497245512583,0.023656668631941893,0.024574616584024427,0.03402276168082738,0.016740977736547116,0.03068294358559954,0.03673569355716156,False,False
0.5251944852065151,0.026298011762725854,0.0020362332391124145,0.03419519408727111,202.39831844641137,208,0.5,2.6507204146382612,0.026815820645093618,0.02887019834241397,0.022387356224948342,0.018462367296517943,0.02365883165537772,0.024575278362149882,0.034040455136924774,0.016738942474383005,0.030690810892034234,0.03674005659741504,False,False
0.5578743629106218,0.0263000929529831,0.002037235927556269,0.034193631536853945,202.36921491244655,212,0.5,2.2676045130569213,0.026826158302542202,0.028858067052262536,0.022377311054304464,0.01846613816915928,0.02366186745182895,0.024575857246242113,0.034055216711267884,0.016737518238572016,0.03069805930864622,0.036744735995005356,False,False
0.5938506054993228,0.0263019570508799,0.002038005833543402,0.03419172255946381,202.34163034486613,213,0.5,1.9398614049372827,0.026834779371748194,0.02884722574536319,0.02236845291012655,0.01847010574532289,0.023665008296238316,0.024577661573537055,0.03406578306233193,0.0167364005857249,0.030704569490355216,0.03674958372805076,False,False
0.6291275615769695,0.026303454992377278,0.0020388360343790417,0.03419104838040728,202.31850182029544,217,0.5,1.6594879083620833,0.026842155951557638,0.028838206548476786,0.02236069111175263,0.018472939329071982,0.023665946761587373,0.024579986623342646,0.03407553750916775,0.016734513056353064,0.030710085159417762,0.036754487873045145,False,False
0.6604660458879471,0.02630445045268719,0.0020395426242803844,0.034190905873602774,202.30086668575098,219,0.5,1.4196375632768456,0.026848347832237333,0.028830461054333623,0.02235406700317281,0.018475322272702495,0.02366656667554043,0.024581816844938056,0.03408407075752009,0.016732387770213256,0.03071264846230242,0.03675881585391133,False,False
0.6884577229792742,0.02630547168319085,0.0020401172242809048,0.03419049709896689,202.28737526384424,220,0.5,1.2144534473021813,0.026852907452079487,0.028824034131052154,0.022348851918984988,0.0184777354693426,0.023667100104520628,0.02458467837944168,0.0340916609765589,0.016730624038199065,0.030714520591846983,0.03676260376988202,False,False
0.7130364972187649,0.0263062727914259,0.002040551473370532,0.034190231143671854,202.27724412089592,221,0.5,1.0389251551359038,0.02685608984337669,0.02881861333415839,0.022344488051552196,0.018480115644854838,0.023667605683819242,0.024587274903604208,0.03409721675333364,0.016729208457566043,0.03071621359593476,0.03676590164605901,False,False
0.7344291506737646,0.026307006849900512,0.0020409370863129495,0.034190475080648,202.26969006654184,222,0.5,0.8887664491149424,0.02685921815723276,0.028813841079193266,0.02234092485275775,0.018481842749773006,0.02366835423960337,0.02458942875227716,0.034101973961268045,0.016727931513741905,0.030717797446947918,0.036768755746209913,False,False
0.7527181178961007,0.026307845549097587,0.0020412588010324446,0.03419168629537362,202.26415330245666,223,0.5,0.7603105932775834,0.026862214811419344,0.028812282996088207,0.02233766009302917,0.018483721539900126,0.023669308213897167,0.02459131257547428,0.03410596161737953,0.01672678438453375,0.030717967067614375,0.036771242191639915,False,False
0.7687889872049133,0.026308476432521016,0.0020415137677718773,0.034192795543592176,202.25999763350995,224,0.5,0.6504208150811395,0.026865364131902512,0.02880944760186488,0.022336124824003017,0.01848559160416905,0.023670086929403367,0.02459294968562439,0.03410940200630374,0.01672488904166735,0.030717502770461317,0.036773405729810506,False,False
0.7832429982912773,0.026309119138277593,0.00204172502798672,0.03419373891670245,202.25680199376018,225,0.5,0.5564137083334864,0.02686868085167887,0.028806847609066336,0.022334624142343655,0.018487745831975766,0.02367079979155652,0.024594375497113588,0.034112509343783744,0.016723180499254694,0.03071714638241426,0.03677528143358851,False,False
0.7995492377741237,0.02630973972295188,0.002041882855695022,0.034194875654878866,202.25369946511904,225,0.5,0.4759937069092732,0.02687163171659159,0.028804532233319757,0.022334187550166182,0.018489636492551875,0.023671166790031613,0.024595616339216964,0.03411532989859435,0.01672172007271647,0.03071694147956614,0.036776634656763854,False,False
0.8107916696033534,0.02631041490471761,0.002042001826916828,0.034195588586982247,202.25187687150577,225,0.5,0.4071970291598857,0.026874216564687244,0.028802578680189598,0.022335010607246956,0.018491271007384156,0.023671393792559673,0.02459672611182344,0.034117838331302,0.0167204745055458,0.030716746955498343,0.0367778924909389,False,False
0.8315873231816393,0.026310818344059156,0.002042141870578246,0.03419737833528933,202.2490595019595,227,0.5,0.3483437241918013,0.026876469847009744,0.028800894645794564,0.022333935378301507,0.018492696075887077,0.023671456437732472,0.024597718581992466,0.0341199610034627,0.01671942510646042,0.030716677057714067,0.03677894930623652,False,False
0.8598161233060505,0.026311221482348386,0.0020422436834881146,0.0341998227131744,202.24571741042237,228,0.5,0.29799664902802675,0.026878636072226503,0.028799469214395298,0.022333700054323835,0.01849402711074032,0.023671192537120855,0.024598606662172666,0.03412179365815847,0.01671847623218835,0.03071655785592849,0.03677975542622905,False,False
0.8841030814133715,0.026311890927737856,0.0020422689531918365,0.034201979898146155,202.24324859325816,228,0.5,0.2549263749130667,0.02688214332370332,0.028798273078778736,0.022335072952273674,0.018495606395486246,0.023670969430815154,0.024599320859998944,0.03412305974784948,0.01671766622624036,0.030716337314416305,0.03678045994781639,False,False
0.9049695560102297,0.026312484665392676,0.002042281845667412,0.034203872144262217,202.24142748340546,227,0.5,0.21808116580601325,0.026885167703351066,0.028797249554441205,0.02233645029558509,0.018497244739189563,0.02367079226525492,0.02459993828667113,0.034124133215714184,0.01671672973445215,0.030716157782739038,0.036780983076528426,False,False
0.9228797129425281,0.026313117610305397,0.002042311182587809,0.03420552592861605,202.24008558837065,227,0.5,0.1865612959644846,0.02688778454358336,0.02879696920755172,0.022337579615757802,0.018498889241503096,0.023670648631065494,0.024600452130526678,0.034125587028942396,0.01671590712179514,0.030716009605032298,0.03678134897729601,False,False
0.938252232000239,0.0263137172278681,0.0020423248848066254,0.03420696609676476,202.23909679490274,228,0.5,0.15959707947869176,0.026890099693813365,0.028796773047725464,0.022338615462551826,0.01850033703323934,0.02367052519536186,0.024600887682391694,0.034126837469552335,0.01671547577415445,0.03071586648829867,0.036781754431592,False,False
0.9514467862976898,0.026314239628120618,0.0020423310384238705,0.0342082127346575,202.23836812786863,229,0.5,0.13653007525728567,0.026892036697457808,0.02879661462028378,0.02233951148369273,0.018501700551171903,0.02367042384335014,0.02460125626136101,0.03412791137269589,0.016715108343356714,0.030715727045729394,0.03678210606210685,False,False
0.9592465945938572,0.026314723669287228,0.002042331287976455,0.034209085323041316,202.23799914989448,228,0.5,0.11679700850822176,0.0268937235429985,0.028796485261111664,0.022340431952791128,0.01850297941292589,0.023670347558261758,0.02460157304483367,0.034128833105883966,0.016714794820313062,0.030715609917196306,0.03678245807655629,False,False
0.969571135909421,0.026315158342001876,0.00204232968568518,0.0342100219068228,202.23758163009748,230,0.5,0.09991601609215163,0.026895210473867864,0.028796379795742934,0.022341242575382163,0.018504154757390284,0.023670292087059355,0.02460184509547045,0.03412962384318103,0.016714528553177434,0.030715511309835585,0.0367827949289117,False,False
0.9790232855972718,0.026315544443030574,0.0020423258784875243,0.034210853143063845,202.23725176104838,230,0.5,0.08547487987266676,0.02689652383305078,0.028796293195861397,0.022341942047995045,0.01850519943882085,0.023670259165520728,0.024602117608998785,0.034130301936228166,0.01671430149807881,0.030715428119638306,0.03678307758611286,False,False
0.9871213726872556,0.026315865821700552,0.002042320465858942,0.03421157077749462,202.2370088571873,230,0.5,0.07312096073274785,0.02689748834321818,0.028796221228896992,0.022342531642571346,0.01850613079658018,0.023670241480061447,0.024602375873334054,0.034130883220620196,0.01671410757614618,0.0307153577996145,0.03678332025596243,False,False
0.99405881681396,0.02631616985798446,0.002042315816192958,0.034212189629876315,202.23682990273159,230,0.5,0.06255258745546143,0.026898624501251175,0.02879616135897858,0.022343034588013858,0.018506958407626367,0.023670228931727513,0.024602546853295413,0.03413137527221877,0.016713941912242854,0.030715298270598688,0.0367835284838914,False,False
1.0,0.026316425322165223,0.002042310920241524,0.03421272258319906,202.23669801884282,230,0.5,0.05351169019338064,0.026899514796461264,0.02879611136619338,0.02234346688976254,0.01850768927167436,0.023670219403680626,0.024602694375432412,0.034131795394432986,0.016713800373355615,0.030715247793746327,0.03678371355691272,False,False
0.0,0.026399197625231453,0.0020192256762348345,0.034359910560214854,209.2954830454412,0,0.75,1070.2338038676128,0.026806952091732884,0.028949769000098758,0.022650162645829267,0.018759207668903634,0.023780515156166762,0.02441877860832775,0.034259461784546606,0.016939211012546595,0.030648670153366944,0.03677924813079533,False,False
0.0012656966283903332,0.026396627485581046,0.0020192592362876837,0.034360430029544524,209.07004076822918,1,0.75,915.5499728580254,0.02680294953089295,0.028947679559463712,0.022650162645829267,0.01875744675980721,0.023775274608498542,0.02441877860832775,0.03425638252361619,0.016935166981169925,0.0306439813376583,0.03677845230054666,False,False
0.0023594302002444417,0.026386966644895572,0.0020203432702077437,0.03436108413093555,208.9025378491112,1,0.75,783.2230207746454,0.02679058897026213,0.028944986482959404,0.022641537755296766,0.018741930857689368,0.02376161038818945,0.02439252144426094,0.03425335819340551,0.016930879059066813,0.030634366930333827,0.03677788636749148,False,False
0.004471265662975644,0.026377486141099877,0.0020216906795177186,0.03435247690102383,208.63312672252803,3,0.75,670.0216465043649,0.026782334084653737,0.028945190563498563,0.022615340519593862,0.01872973463148485,0.02374927509206612,0.02436937801582555,0.03425135272282356,0.01692783375309225,0.030626885669309087,0.03677753635865115,False,False
0.007975233310328872,0.026357913242401776,0.0020226569293912743,0.03433227881587129,208.24068997471454,4,0.75,573.1815777585387,0.026767178932097752,0.02893458814046399,0.02258527876764131,0.01870403752933747,0.0237330430250169,0.024334659947696242,0.03423938092341618,0.016915393522988518,0.030599635390283642,0.03676593624507574,False,False
0.011964990455003193,0.026336426243985623,0.0020232987857147352,0.03431994625927376,207.85766005834967,5,0.75,490.33807011431765,0.026753891453972438,0.0289187596961923,0.022556022904128337,0.018677011328001092,0.02371875788849758,0.024306404916172298,0.03421648579835303,0.016893500254356052,0.03057314161824381,0.03675028658193931,False,False
0.017184001742273115,0.026319419273963446,0.0020239192366793193,0.03430721416820687,207.43205988469373,9,0.75,419.46816215492316,0.026753201070629694,0.0289122587632301,0.022532489631622445,0.01864794447646214,0.023711644521839877,0.024284777728065667,0.03419367383004977,0.0168713346344043,0.030555858636785057,0.0367310094465454,False,False
0.02280485774619983,0.026302053819360394,0.0020249777326373924,0.034294664662776655,207.0370696668194,10,0.75,358.8412766330933,0.026750966342578678,0.028904732491461402,0.02251439061216682,0.01861249510328348,0.023700141414160818,0.024265131044259456,0.03416970727356126,0.016847312383272955,0.0305414214999619,0.036714240028897185,False,False
0.029271937035252823,0.02628586482298443,0.0020256186360904965,0.03428369663814756,206.65118779463359,19,0.75,306.976961384045,0.02675076625652246,0.02889268428816205,0.022498867241407088,0.018579233502869073,0.023692433271360464,0.024242951675307926,0.03414495759268276,0.01683051745354808,0.03052353818443842,0.036702698763545955,False,False
0.03740218802116735,0.026272227586725344,0.0020259082285006306,0.03427065736264446,206.23441676438995,23,0.75,262.6087380603496,0.02674780943406435,0.02888623683396443,0.022487500106088486,0.018552992210907525,0.02368555422407137,0.02423155105860978,0.03412507388004779,0.01681371251599341,0.0305008921906818,0.036690953412824474,False,False
0.046308535857622464,0.02626145125610894,0.0020269462648834498,0.034260118146596054,205.84462408279944,32,0.75,224.65317590844353,0.026751178733733883,0.028885869915599653,0.022474401594905696,0.018528695552135196,0.023677908971418134,0.02422403907346207,0.034102010512040155,0.016795288396307676,0.030485201247920982,0.036689918563565974,False,False
0.0563010802647001,0.026252929214462428,0.0020274706589337127,0.03425224747628908,205.47170056394427,42,0.75,192.18343539715673,0.02674629986584682,0.028887996987208824,0.022461810400879436,0.01850763652144748,0.0236611759325178,0.02424273503744634,0.03408196575745449,0.016781318462093166,0.03047296292378505,0.03668539025594493,False,False
0.06704288218117656,0.02624592576448208,0.0020278859264783664,0.034247737262827246,205.12838955091974,51,0.75,164.40663565827177,0.02673902011031927,0.028891762000323475,0.022451996936032437,0.01848578561653487,0.02364859706910312,0.024261168600933646,0.03406889152562674,0.016770612604537535,0.030465799969444367,0.03667562321196534,False,False
0.07818162483711315,0.02624033961403372,0.002027983256164265,0.0342447287412698,204.8233276065087,60,0.75,140.6444930730571,0.02673705481759788,0.028896778832658385,0.022443662063920462,0.018470976629737373,0.02363499472894017,0.024275704996379877,0.03405306543636515,0.016761831377164374,0.030462774521341104,0.03666655273623244,False,False
0.08966658844559607,0.026236544454827267,0.0020279665261553684,0.0342435345393544,204.55420916262207,71,0.75,120.31675821706392,0.026735916407850252,0.02889957023762079,0.022435710826423847,0.018460302493691107,0.023628384482283493,0.024290222490010192,0.03403495601306775,0.01675332714852522,0.030467212247060917,0.03665984220173908,False,False
0.10109445217215188,0.026234793869860596,0.0020279178203980275,0.0342440372864322,204.32515134002165,79,0.75,102.92704670878133,0.02673519467259364,0.02890335534049323,0.022428464723834474,0.018451650058787426,0.02362459214305426,0.024306121158809035,0.034013065688672614,0.016748499660527796,0.030478770455862152,0.0366582247959713,False,False
0.11353838065129482,0.02623504564656077,0.002028023370736812,0.034242988568785465,204.11259380212653,86,0.75,88.05071796464976,0.02673488557084218,0.028906236661921936,0.022425281749196224,0.018443421414059014,0.02362691314833983,0.024321724825353032,0.033994251364232106,0.016744926209969275,0.03049190671456049,0.03666090880713362,False,False
0.12794606187671587,0.02623664669789304,0.0020282351570228654,0.03424299393247501,203.90189139210327,99,0.75,75.3245058709029,0.026736004413389625,0.02891332570457315,0.022423650045308687,0.01843859274785151,0.02362987852436651,0.024337809121049922,0.03397728539902127,0.016739978243426688,0.030504949155174137,0.03666499362476888,False,False
0.14152680167201134,0.026238543615347314,0.002028499131902319,0.034242875611802844,203.73140453920237,108,0.75,64.43764816288687,0.026735890374967666,0.02891507163112831,0.0224233538501924,0.018436153182036986,0.023632161339262173,0.02435512782976015,0.03396516013876223,0.016735125574907698,0.030516677873604493,0.036670714358851074,False,False
0.15516728847072575,0.026240352402043088,0.002028808123110068,0.034242916398946804,203.5848543273982,120,0.75,55.1242978995493,0.026734565747038103,0.028912053396556833,0.022421125276672078,0.01843506651495907,0.02363489965076405,0.024371784572431828,0.03395544274673926,0.016732487691409084,0.03052622043843388,0.03667987798542669,False,False
0.16851883880471505,0.02624359731111079,0.0020289578283348613,0.034243427104040054,203.4619361949118,126,0.75,47.15703172836153,0.026734550145242127,0.028913866189332095,0.02241987967674195,0.01843518632684071,0.02364074629964043,0.024389557778307477,0.03394637387854336,0.016732171280380032,0.030534232651910118,0.036689408884169626,False,False
0.18261444341537536,0.026247314969794155,0.002028801287471426,0.034246902279514074,203.35056501163933,131,0.75,40.34129641854137,0.02673415253124613,0.028918273020844754,0.02242312670812781,0.018433239663983567,0.023646941500865028,0.02440746445755731,0.033936238920128765,0.01673510304222393,0.030541423179280564,0.03669718667368367,False,False
0.19656461160695388,0.026251089683173263,0.0020283625366543955,0.03425048299988312,203.25651921000954,142,0.75,34.510658052081006,0.026733567249439646,0.028925257235804174,0.022429631009555556,0.018433072154867218,0.023651045480598414,0.024421607228631254,0.03392963908234322,0.016739375244608265,0.030548243679544354,0.036699458466340554,False,False
0.21058161204970882,0.0262549137688233,0.002027809991845166,0.03425303875650711,203.17587362849042,149,0.75,29.522737862243595,0.02673282432238074,0.028927404157764566,0.022434222728938316,0.0184327938735816,0.02365598498512659,0.024439845493508142,0.03392574140628967,0.01674359354124679,0.030559477609857225,0.03669724956953936,False,False
0.2333918302728687,0.02626048837629128,0.0020278419189657757,0.03424821106068503,203.06300377180514,158,0.75,25.25573547648403,0.026731400893753778,0.028932112630723858,0.022438378524587212,0.018433397059948918,0.023660852444965047,0.024460096003568854,0.03392597540330801,0.016746909244857743,0.030576638942218806,0.03669912261498055,False,False
0.25497590936354547,0.02626584489637272,0.002028076711030698,0.03424256672593463,202.9709207211215,162,0.75,21.605454664618986,0.026729499556442247,0.028939319339704506,0.022438748409709042,0.018433119172055135,0.02366486377991067,0.024477673804354255,0.033928657625689716,0.01675192665506471,0.030593674484049718,0.036700966136747226,False,False
0.27990947211959827,0.026270768362352242,0.002028451588769211,0.03423603566034556,202.87978399083065,171,0.75,18.482758963782544,0.026730138338067765,0.028938103105260606,0.022437286930245767,0.018433003747303823,0.023667995869207134,0.024495398046769177,0.03393332696375859,0.016756754469775363,0.030610842026380446,0.036704834126753745,False,False
0.310732620705844,0.026275653334173792,0.002028762434966136,0.03422880525933691,202.78331655553168,175,0.75,15.811395048895092,0.026736145305619914,0.028928142769719466,0.022436194596032067,0.018435445592366404,0.02367232423259167,0.02451157320961124,0.03393861734664544,0.016760267042313724,0.030627740255353923,0.03671008299148406,False,False
0.3438846572580622,0.026281569620785157,0.0020291559521947596,0.0342208451064556,202.69344195135662,182,0.75,13.526130697376201,0.02675175899001256,0.028915405547886006,0.02243290053077085,0.01843840370335968,0.023673173446243076,0.02453954320235796,0.03394775972416354,0.016761282395394775,0.03064163957106533,0.03671382909659777,False,False
0.3733496679129707,0.02628620816014764,0.002030405848130763,0.03421396886768883,202.62471105348746,187,0.75,11.571161878931607,0.0267688804795693,0.028904198412849556,0.022427536695453613,0.018440525642057514,0.023666156263262246,0.02455795568593046,0.033966793398757744,0.01675853764219917,0.030654860804025557,0.036716636577371224,False,False
0.4002106269796906,0.026289005159902977,0.0020319574012907125,0.034208303468556564,202.5710337742488,191,0.75,9.898750073028083,0.026784079461436107,0.028896113110912572,0.022421276222619357,0.018443387370168516,0.02365797517260768,0.024562353939276065,0.033985783463397985,0.016753383977410843,0.030665020836985087,0.03672067804421557,False,False
0.4321931673925264,0.026290954233210227,0.002032933155228742,0.03420351637806669,202.5166045616021,193,0.75,8.468056538616207,0.026797321717222256,0.028890572236913808,0.022412455434988265,0.018447821545375206,0.02365468549922253,0.02456580797116085,0.033994764536065446,0.016749317858923026,0.030671547553882857,0.036725247978348016,False,False
0.46309277937473037,0.026292779540417383,0.00203366677704733,0.03419923409483803,202.4714731648863,198,0.75,7.244145070051747,0.026803276568001848,0.028885752134092623,0.022405156014679458,0.018453238050519686,0.023655847545187268,0.024570128742088058,0.034002517251543095,0.016745438411774123,0.03067634664519998,0.036730094041087694,False,False
0.4928042486126566,0.026295436515368687,0.002034834419149847,0.034196701429170896,202.43422338873293,201,0.75,6.197128887442523,0.026808022326263656,0.028881739653225186,0.022398944333563257,0.018457653728627357,0.0236571443202862,0.02457311257900082,0.034019486747767,0.016741597784587697,0.03068189865864816,0.03673476502171753,False,False
0.5205955224701839,0.026297287667998815,0.0020359970343536505,0.03419596189082419,202.40413379572797,207,0.75,5.3014408292765225,0.026811331911217005,0.0288736179733228,0.022388612550927448,0.01846159134756579,0.023659258560099292,0.024574094213681563,0.03403685802395755,0.016739532473621897,0.030688862748290895,0.036739116877303905,False,False
0.5519893492292633,0.026299265118060012,0.0020370347209032256,0.034194761758656225,202.3753344547162,213,0.75,4.535209026113843,0.02682014020706046,0.028861836364007826,0.022378136895111214,0.018465345758889678,0.0236621090396928,0.02457479738309321,0.034052323428186954,0.016738114489641277,0.03069617835355943,0.03674366926135729,False,False
0.5879831773120466,0.02630106299060931,0.0020378306516009538,0.034192751873369565,202.34691940356285,213,0.75,3.8797228098745653,0.02682934544651671,0.028850839448820262,0.02236936615653697,0.018469043777293144,0.023665022137358493,0.02457576432541766,0.034062904775580265,0.01673697221231545,0.030702839783825375,0.03674853184242874,False,False
0.6229247003225543,0.026302699095407438,0.0020386525192518943,0.03419179589051775,202.32328567983953,217,0.75,3.3189758167241665,0.026837329523653804,0.028841613509902924,0.022361528527990913,0.01847186494440761,0.023666220906675514,0.02457823486418679,0.034072912247244874,0.01673536772016012,0.030708565743702114,0.03675335296614969,False,False
0.6545806462353567,0.02630381185509715,0.0020393891287539614,0.03419147557870415,202.3048398791967,219,0.75,2.8392751265536913,0.026844131773935173,0.028833619279016193,0.022354790060144954,0.018474251465582365,0.023666812071408208,0.024580245965562825,0.03408179489586231,0.016733182941136363,0.030711559516598985,0.036757730581724074,False,False
0.6834869658860233,0.02630485846353247,0.002039983510047612,0.034191191725799874,202.29039033748646,220,0.75,2.4289068946043626,0.026849105359517313,0.028826859627283014,0.02234944092746949,0.018476731853144704,0.023667286592811174,0.024583017947948888,0.03408964904611925,0.016731347023210302,0.030713564547038386,0.03676158171078222,False,False
0.7085687503749518,0.026305745608895658,0.0020404392739242147,0.03419079769666988,202.27964813886544,221,0.75,2.0778503102718076,0.026852888243793123,0.028821150486524998,0.022344981462018913,0.018479263742675493,0.023667755127893986,0.02458579829324937,0.03409551714772595,0.016729764416943058,0.030715374206674077,0.036764962961457585,False,False
0.7304981024712466,0.02630651792424855,0.00204083535412713,0.03419070202535897,202.27158230890612,223,0.75,1.7775328982298848,0.026856318575315084,0.02881598394629456,0.022341309372690594,0.01848118626537804,0.023668365696295466,0.02458811495064821,0.03410047729301993,0.01672842813169965,0.03071706674309014,0.03676792826805386,False,False
0.7495362085617577,0.026307374578584668,0.0020411637842393175,0.034191850662787994,202.26556881693668,223,0.75,1.5206211865551669,0.026859636168707863,0.028813478569131534,0.02233814880111537,0.018483027488098998,0.023669323735533866,0.024590152195268843,0.03410472363053878,0.016727286266869836,0.030717475729868198,0.036770493200713426,False,False
0.7661519422748428,0.026308119419733555,0.0020414381855024203,0.03419292432092856,202.26108164054622,224,0.75,1.300841630162279,0.026863071994887446,0.028811026040265853,0.02233659248963658,0.018484934045750585,0.02367009418614595,0.02459193024912785,0.034108325598719284,0.016725355830076734,0.030717135456953093,0.036772728305772176,False,False
0.7809737871179613,0.02630880239457673,0.002041656978966854,0.034193850297250486,202.25765571885728,225,0.75,1.1128274166669727,0.026866645037165397,0.028808237764314765,0.02233502689107678,0.01848714909682934,0.023670788435810674,0.024593488366388597,0.03411150930630477,0.01672362493335566,0.030716857621816657,0.036774696492704664,False,False
0.7977545547819317,0.026309454523083232,0.0020418253209321066,0.034194962991889344,202.25434884632918,225,0.75,0.9519874138185463,0.02686983556866972,0.02880572979347317,0.022334410031576598,0.018489105352058516,0.02367121555994433,0.02459484504235204,0.03411444008102637,0.016722124167354965,0.030716691964650645,0.03677614766972592,False,False
0.8094497743358543,0.02631014148440709,0.002041952341907842,0.03419565794236441,202.25236482798948,225,0.75,0.8143940583197714,0.026872639045247,0.028803616479119307,0.02233503211773818,0.01849079887300603,0.023671424236176426,0.024596055796237512,0.0341170525729951,0.016720836286819772,0.030716540033008635,0.03677741940372291,False,False
0.8281828869448102,0.026310641332140915,0.0020420906969037637,0.034197185583262873,202.2497425288139,227,0.75,0.6966874483836026,0.026875089162582418,0.028801825925513565,0.02233444147498038,0.01849227791416848,0.023671517378282415,0.024597149993913974,0.034119275798161375,0.016719746535272535,0.0307165050720088,0.036778584066525254,False,False
0.8570941435414271,0.0263109819087722,0.0020422147702096566,0.03419964235065169,202.24623180273494,228,0.75,0.5959932980560535,0.026877223168753857,0.028800274624042943,0.0223334700455681,0.018493631655066355,0.023671233747928254,0.02459813023852434,0.0341212038996324,0.016718769868225385,0.030716441056191576,0.03677944078378886,False,False
0.8814596216869909,0.0263116324895476,0.002042252843543518,0.034201766628080305,202.24368617746129,228,0.75,0.5098527498261334,0.02688052430016743,0.02879896200282169,0.022334749957393377,0.018495172651668848,0.02367101510667131,0.024598915644310135,0.034122636037093576,0.01671792184916704,0.0307162327174852,0.03678019462869735,False,False
0.9025708828697646,0.02631223007724349,0.00204226913556944,0.0342036452568802,202.24178582383604,228,0.75,0.4361623316120265,0.026883680127099293,0.028797849804677526,0.022336102764085757,0.01849675369016672,0.02367083753356298,0.024599567319759725,0.03412364766725793,0.016716996037404824,0.03071607284059513,0.036780792987825016,False,False
0.9208479874442295,0.026312864929511053,0.002042305153033495,0.0342053010279814,202.24036940243008,227,0.75,0.3731225919289692,0.02688643171341648,0.028797359542265734,0.02233729547486417,0.01849833370076747,0.023670690428572602,0.024600132182905462,0.03412517095258098,0.016716108782752665,0.03071594273268227,0.03678118378430265,False,False
0.935625833128308,0.026313486368425308,0.002042321087341333,0.034206658206251454,202.2393799270293,228,0.75,0.3191941589573835,0.026888859004328438,0.02879709446733194,0.022338342742831866,0.018499818093501198,0.023670569701538736,0.024600629756830916,0.03412647208067303,0.01671564901721172,0.030715819701351933,0.03678160911865332,False,False
0.9492756924967601,0.02631402253585549,0.00204233128384148,0.03420792363820837,202.23858881999527,229,0.75,0.27306015051457133,0.026890944611138484,0.02879683086303268,0.02233925904339494,0.018501139935314593,0.0236704888539265,0.024601038618500853,0.0341275837318254,0.016715260992848546,0.030715694719887315,0.03678198398868564,False,False
0.9588483545601846,0.026314508008863886,0.0020423370741320746,0.03420889945459872,202.23810916000986,228,0.75,0.23359401701644353,0.026892747427661044,0.028796664369924486,0.022340088553006676,0.018502397162532963,0.02367040184351248,0.024601386332686315,0.03412854937622007,0.016714927198601456,0.030715584529083507,0.03678233329540985,False,False
0.9681176164436776,0.02631495944888563,0.0020423383215095385,0.034209785364739606,202.23771734766086,230,0.75,0.19983203218430326,0.02689433935204624,0.028796526744914598,0.022340927561190837,0.01850357368506947,0.023670339983354886,0.024601685009714633,0.034129378617854825,0.016714643070470055,0.030715491255391598,0.03678268920884911,False,False
0.9779821137967044,0.026315360858028575,0.002042335715677464,0.03421063928828028,202.2373552674129,230,0.75,0.17094975974533352,0.026895749733699546,0.02879641478920715,0.022341658266393397,0.018504656398596466,0.02367028929228026,0.024601950005515606,0.03413009031517008,0.016714400445928757,0.03071541218460602,0.03678298714888849,False,False
0.9864611579606427,0.026315705180102934,0.002042330120456755,0.03421137903262937,202.23708741445088,230,0.75,0.1462419214654957,0.026896825524164742,0.02879632219067727,0.02234227865946241,0.01850564065554226,0.023670247573518634,0.024602255702356635,0.03413070084430036,0.01671419294316205,0.03071534507292544,0.03678324263491953,False,False
0.9937453817368584,0.026316023694201086,0.002042324895944992,0.034212018985735164,202.23688928317583,230,0.75,0.12510517491092285,0.026898011110482,0.028796245434882958,0.02234281053613335,0.018506526972023537,0.023670212684867388,0.024602444569745117,0.034131220210849196,0.016714015474499612,0.03071528805219383,0.03678346189633387,False,False
1.0,0.026316290150084732,0.0020423221429884918,0.03421257176522746,202.23674273564544,230,0.75,0.10702338038676128,0.02689898779558234,0.028796181538727157,0.022343269646330797,0.01850723945475255,0.02367019731038591,0.024602606764134796,0.034131660440739287,0.016713863694676277,0.03071523955903919,0.03678365529647903,False,False
0.0,0.026399197625231453,0.0020192256762348345,0.034359910560214854,209.2954830454412,0,0.9,2675.5845096690327,0.026806952091732884,0.028949769000098758,0.022650162645829267,0.018759207668903634,0.023780515156166762,0.02441877860832775,0.034259461784546606,0.016939211012546595,0.030648670153366944,0.03677924813079533,False,True
0.001196662868333568,0.02639679051753386,0.002019256486473419,0.03436039138837441,209.08270719775854,1,0.9,2288.874932145064,0.02680322850894783,0.02894781119856279,0.022650162645829267,0.01875756337996008,0.02377561439427604,0.02441877860832775,0.03425656307681103,0.0169354095762354,0.030644278438086033,0.036778495348302354,False,False
0.0022498573689502936,0.02638760811839888,0.002020277084186054,0.03436100064646502,208.92020467146796,1,0.9,1958.0575519366143,0.026791463392177525,0.02894509896564038,0.02264206626982327,0.018742878609718995,0.023762625121026764,0.024393994994192345,0.03425362945949201,0.016931271289861636,0.030635112984481013,0.036777940097574874,False,False
0.0041897280856513855,0.02637844520308863,0.0020215617182663026,0.03435365428107662,208.6707483246597,3,0.9,1675.0541162609127,0.02678331019050897,0.028945016772921543,0.022617131990882867,0.01873107086874737,0.023750930758804727,0.024371727407281857,0.03425161612294822,0.01692824702877569,0.030627818360616108,0.03677758252939895,False,False
0.007574730802030059,0.026360365735846665,0.002022547912637481,0.03433406707587389,208.2879240850284,4,0.9,1432.9539443963472,0.026769452487691893,0.02893543826590867,0.02258877112335667,0.01870708258268653,0.023735284263701535,0.024339062950190036,0.034241361562213725,0.0169170200806363,0.030602871597260387,0.036767312444820885,False,False
0.0115073688359156,0.02633940450246076,0.0020231962585620868,0.0343222511194204,207.9060927677933,6,0.9,1225.8451752857945,0.02675669092206065,0.028919714110796302,0.022560159374140753,0.01868071020648038,0.02372107610498051,0.02431152881660533,0.03421916750142466,0.01689564794355137,0.030577090308141954,0.03675225973642568,False,False
0.016635992107379025,0.026322438919413098,0.002023807782624761,0.034309697202305665,207.48343238047164,10,0.9,1048.6704053873082,0.026755461447236874,0.028912926053849694,0.022536707897085506,0.018651914168505288,0.023713776911064653,0.024289893604373964,0.03419681626945566,0.01687386580017184,0.030560000509456554,0.03673302653293094,False,False
0.022217338147573245,0.02630505959173049,0.002024861586949498,0.034297076301038634,207.08639688152402,11,0.9,897.1031915827335,0.026752863126922807,0.028904776657329122,0.02251832293316258,0.01861683563276522,0.023702198812438104,0.024270167591192077,0.0341732615203148,0.016850148205426543,0.030545573899013422,0.03671644753874022,False,False
0.02869456811325426,0.026288907256532233,0.002025519842195677,0.034285893359547584,206.6955139862391,20,0.9,767.4424034601127,0.0267527864639324,0.028892526029784704,0.02250260294531858,0.018583824923711367,0.0236943086676124,0.024247913379685765,0.03414865543741442,0.016833226267699036,0.030528441062261394,0.03670478738790229,False,False
0.03682327247686887,0.026275536760561314,0.0020258198906656882,0.03427277258401649,206.27505396736356,24,0.9,656.5218451508742,0.02674978563986037,0.028885967891377585,0.022493271221791386,0.018558107268445964,0.023687180746981625,0.024235760406273694,0.034128731562134716,0.016816043641883757,0.03050723806786596,0.036693281158998094,False,False
0.046039470421703935,0.026264236414260633,0.0020268186195576063,0.03426194727813494,205.87107316191165,34,0.9,561.632939771109,0.026751736462627018,0.028885117340749267,0.022478961675635113,0.018533350934673874,0.0236804620658082,0.02422761978189865,0.034105460490045286,0.016797749439813145,0.030489868710323272,0.03669203724103251,False,False
0.05611882602001929,0.026255045216908683,0.0020272386565517004,0.03425392490319551,205.4932092174908,43,0.9,480.4585884928919,0.026746064354406227,0.02888697336719515,0.02246515135613174,0.018511655715247002,0.02366588479848241,0.02424418186258705,0.0340849103688527,0.016783533360758742,0.03047646534127238,0.03668563164415345,False,False
0.06677280645542233,0.026247010390922476,0.0020276484519933195,0.034249002176172515,205.15047908204016,51,0.9,411.0165891456796,0.026738901093473513,0.028890513322393927,0.022453946254108677,0.01848914218273789,0.02365258360721558,0.02426080762704946,0.034068862568823174,0.016771542989152097,0.03046784515990236,0.03667595910436805,False,False
0.07788421734315308,0.026240644429648657,0.002027690976159582,0.03424553331648744,204.8440030861866,60,0.9,351.6112326826429,0.026734952158077686,0.028893916524962163,0.02244493440368792,0.018474211061461736,0.023637727981265188,0.024275612063763205,0.034051596947799946,0.016762539650998075,0.030463835658722634,0.036667117845748026,False,False
0.08938856888785203,0.026236497238272777,0.0020277367440278693,0.03424384087890999,204.5728756663183,71,0.9,300.79189554265986,0.026733563388299023,0.028894354506815878,0.022436493466935974,0.018462989580348265,0.023629752950044002,0.024290428555074295,0.03403395996277029,0.016754487384596436,0.03046720678631035,0.03666173580153328,False,False
0.1010035020670109,0.026234267240836256,0.0020277273059809368,0.034243867315511906,204.33948774778344,80,0.9,257.3176167719534,0.02673174191332567,0.028897460970646174,0.022428533540213673,0.018453454004195076,0.02362491508932371,0.024306409905673735,0.03401267710047586,0.0167495773922315,0.030478421840626727,0.036659480651650485,True,False
0.11351120773725105,0.02623441005081568,0.002027848709021399,0.034242839299233004,204.1250935837988,87,0.9,220.12679491162447,0.02673157127390709,0.028901191266101273,0.022424892760721824,0.018444447847192305,0.023626035844338367,0.024323595023444167,0.03399463484873507,0.016745901685757056,0.030490675024500206,0.03666115493345945,False,False
0.12767422062898864,0.0262357554915795,0.002028050718498504,0.0342424577857088,203.91696171760148,100,0.9,188.3112646772573,0.026732749532650823,0.028908854733264554,0.02242275891693604,0.01843907032030268,0.02362805762656711,0.024339422100744284,0.0339779560178939,0.01674120606173992,0.030503210942879867,0.03666426866281579,False,False
0.14130548114978123,0.02623762944184027,0.002028412776065045,0.03424237336291608,203.744607737193,108,0.9,161.09412040721725,0.02673332197964772,0.028911826266564935,0.022421355383067387,0.01843637804558684,0.023629817409735094,0.02435603981625209,0.033966199000115785,0.01673612213881835,0.03051539740274974,0.03666983697586478,False,False
0.1549187572499133,0.026239653606657153,0.0020287607368712508,0.034242145737318756,203.5973259049119,120,0.9,137.8107447488733,0.026732720879944608,0.028910247869141672,0.022419113975974816,0.01843586777519582,0.023632246907222716,0.0243718431099091,0.03395706456142376,0.01673328791348477,0.030525513054237827,0.03667863002003649,False,False
0.1681656131106629,0.026242850779751838,0.0020289825199089765,0.03424239193331441,203.4742908451079,125,0.9,117.89257932090386,0.026733034475439028,0.028911979828635713,0.022418012682768797,0.0184359589092979,0.023637306580822942,0.02438937372414133,0.03394820954845946,0.01673255348312883,0.030533306427364716,0.03668877213745965,False,False
0.18227549933807088,0.026246464111803737,0.002028886510829958,0.03424544862958294,203.3618246438905,133,0.9,100.85324104635346,0.026733193704704786,0.028915879201193404,0.022420929308382968,0.018433856842587283,0.02364356470867736,0.02440668989644657,0.03393841603682643,0.01673496410647627,0.030540473459452763,0.03669667385328948,False,False
0.1962876943717236,0.026250257124854466,0.002028466455271397,0.03424891969486935,203.26639059322608,142,0.9,86.27664513020254,0.02673219890270922,0.0289229659129153,0.022428081428835695,0.018433290312016865,0.02364898427842078,0.02442063218872612,0.03393162402523075,0.016738787861196064,0.030546409618187765,0.036699596720306066,False,False
0.21001487498529264,0.026253838996489042,0.002027873677651441,0.03425232878301145,203.186263347886,150,0.9,73.806844655609,0.02673213204766437,0.028925025966839275,0.02243291812832459,0.018433120037026435,0.023654560541798753,0.024437010511929022,0.033927454960488844,0.016742686108256678,0.030556360159082308,0.03669712150348014,False,False
0.23096664379848283,0.026258932044506966,0.002027775408517318,0.03424863323061729,203.08142978689918,158,0.9,63.1393386912101,0.026730890446674118,0.02892886855519285,0.022437219772686305,0.018433947707801917,0.02365951449421056,0.024455855949771,0.03392690230000141,0.01674598021618868,0.030572024876065886,0.03669811612647689,False,False
0.25150154130708735,0.026263942911346462,0.002027940533027602,0.03424386341307013,202.99187799889728,163,0.9,54.01363666154748,0.026728199749179702,0.028936043764982294,0.022438619147588296,0.018433548881234305,0.023664180396582652,0.024472183462886137,0.033928573337302585,0.01675041933843308,0.030587960511352656,0.03669970052392291,False,False
0.27400149188479933,0.02626865083133358,0.0020282623738907637,0.03423828586042361,202.90728179936497,171,0.9,46.206897409456374,0.026728099840552508,0.028936901041225562,0.02243768995337705,0.01843383136057315,0.023667174212266627,0.024488336966809233,0.0339324217121106,0.016754917153461193,0.030604033786618374,0.03670310228634146,False,False
0.3022485827087356,0.026273019437810064,0.0020285596224306505,0.03423205774890747,202.81591146658536,176,0.9,39.52848762223774,0.02672849939435262,0.028930136547335446,0.022437061604122146,0.018435902406864654,0.023670704760461514,0.024504020161549605,0.03393687029383679,0.016758417459929297,0.030620714376408665,0.03670786737323988,False,False
0.33404212886286094,0.026278514603168553,0.0020289907265452433,0.03422477838407232,202.7261244567673,185,0.9,33.81532674344051,0.02674089273208516,0.028919743342991605,0.022434970883010916,0.01843845380900458,0.023673311592526936,0.02452578476511234,0.033944945603071174,0.016759715328643853,0.030635101710163457,0.03671222626507549,False,False
0.3632053758043556,0.026283970183809208,0.0020300963987589676,0.03421836114012439,202.65421395102518,190,0.9,28.927904697329023,0.026755239876511207,0.02891005604878545,0.022430186202563946,0.01844024774774036,0.023668709450980062,0.024550826503688936,0.03396301122249051,0.016757688716337652,0.030648445922845817,0.03671529014614811,False,False
0.390285600324849,0.02628694076743681,0.00203149565113181,0.034212754191993384,202.59648262104787,190,0.9,24.746875182570214,0.02676923735912897,0.028902747609139835,0.022424296134038093,0.018442958775980317,0.02366108859675576,0.024555177018889186,0.03398049867952052,0.016754458044769188,0.03065991373332532,0.036719031722820906,False,False
0.42165316241536177,0.026289088604010996,0.0020325288155281446,0.03420770891454653,202.53988132672086,193,0.9,21.17014134654052,0.02678293795110397,0.02889742075348134,0.022416097185575027,0.018446521115948664,0.023657189171813402,0.024558632155780084,0.03399078425706606,0.01675091305098582,0.030667218905261376,0.03672317149309421,False,False
0.45265109505521034,0.026291343636640617,0.002033300634288535,0.034203360899830566,202.49171320179656,197,0.9,18.110362675129373,0.026792769143437086,0.028892737293162045,0.022408886474909472,0.018451528729786743,0.02365735671018419,0.024562936985486058,0.033998324673217555,0.016747336477429917,0.030674000654293522,0.036727559224499565,False,False
0.481064042557779,0.026294061562561234,0.002034341127701502,0.03419992734018589,202.45343693450326,201,0.9,15.492822218606314,0.02680210572286265,0.028888019437921155,0.022402538180134136,0.018455504666161787,0.023658660977635766,0.024566669070154888,0.034011564707043355,0.016743406496105926,0.03067990656832532,0.03673223979926732,False,False
0.5087769009182294,0.02629595507673276,0.0020354526704354993,0.03419795320200027,202.42107814887518,205,0.9,13.25360207319131,0.026806593191345898,0.02888153665845616,0.02239196656576803,0.01845913392070993,0.023660554616388947,0.024569279949280553,0.034027738504668566,0.016741083391143805,0.030685140618531778,0.03673652335103391,False,False
0.5371609059250941,0.026297508203577374,0.002036480201695333,0.03419762255052201,202.39265646233164,211,0.9,11.33802256528461,0.026810757196096994,0.028870886748288947,0.02238062326724311,0.01846298814488861,0.023662875058930298,0.024571622312389955,0.03404343399733918,0.016739677275794652,0.030691005480246756,0.03674121255455525,False,False
0.5727231433130033,0.02629906177649674,0.0020373603226714375,0.034195602232897554,202.36235086042706,216,0.9,9.699307024686416,0.02681566656096021,0.028860540684339703,0.0223717561329959,0.018466355575443405,0.023664951628271258,0.02457329241291573,0.034055830199957754,0.016738491357833223,0.03069800942569424,0.036745723786555974,False,False
0.6068696449821087,0.026300707761923076,0.0020381487047928058,0.03419407040390271,202.33720231479185,218,0.9,8.29743954181042,0.026824816946396556,0.02885090248412153,0.022363877004987532,0.018469340999718715,0.0236664025648759,0.024574547725570953,0.03406566004483944,0.016737207425064314,0.030704021217838152,0.03675030120581766,False,False
0.6391872897991068,0.026302049438115573,0.002038931544973665,0.03419329342901639,202.31657647749432,220,0.9,7.098187816384231,0.0268328126868835,0.028842344227790664,0.02235690212693771,0.018471938224718886,0.02366712352805242,0.02457619205981683,0.03407527997237625,0.016735149567840748,0.030707947521033667,0.036754804465705025,False,False
0.6692049289449775,0.026303218003520323,0.0020395820847400243,0.034192672104947155,202.30005099002113,222,0.9,6.072267236510908,0.02683882789769274,0.02883484718847497,0.022351236515356226,0.01847450213332046,0.02366742655111428,0.024578620845462525,0.03408374956063134,0.01673332175509332,0.03071084988695615,0.03675879770110122,False,False
0.6964143356226346,0.026304311956325144,0.0020400943991006623,0.03419242653336337,202.28710826079242,222,0.9,5.19462577567952,0.026844029430152745,0.02882832795435215,0.02234655942626282,0.018477229964295624,0.023667748687183895,0.024581827880824747,0.034090560449483644,0.016731505386455445,0.03071297465401123,0.036762355730229145,False,False
0.7198866942290442,0.02630521271666238,0.0020405291135607373,0.03419201973815903,202.27747775845668,222,0.9,4.443832245574713,0.026848377411281824,0.028822402192568843,0.022342646658132553,0.018479546136313845,0.023668225993866285,0.02458452478030912,0.034096063921605524,0.01672982870148366,0.030714985253499506,0.03676552611756265,False,False
0.7405294342795118,0.026306068651547276,0.00204088209609991,0.0341923986195601,202.27016338715734,224,0.9,3.801552966387918,0.026852369988458184,0.0288175326709903,0.022339659306794303,0.018481451823490484,0.023668897170344427,0.024586925187432714,0.03410087263676513,0.016728559336845646,0.030716081844662325,0.03676833654968929,False,False
0.7588364188530698,0.026307013872209795,0.0020411997283664913,0.03419334229268589,202.26459227681323,224,0.9,3.2521040754056982,0.026856505335695335,0.028814981724989423,0.022338035164384172,0.018483331927049002,0.023669654245165817,0.024589044985475633,0.03410505802405587,0.016726676128498676,0.030716038133341325,0.03677081305344271,False,False
0.7747385543188003,0.026307870729258793,0.002041454612705096,0.03419420408262966,202.26042454469595,224,0.9,2.782068541667433,0.026860869912765123,0.02881221795478401,0.022336311899100986,0.01848559097598914,0.023670342794359756,0.02459092216605444,0.0341086187913969,0.016724882233263894,0.03071599037795984,0.03677296018691382,False,False
0.7926895322096751,0.026308600847288467,0.0020416608306499757,0.03419524624211175,202.25649702581055,225,0.9,2.3799685345463666,0.02686470283884394,0.028809289053375663,0.022335052797593673,0.018487693056881357,0.023670911895688852,0.024592574213703193,0.03411184277722951,0.016723270690761207,0.030715946566185544,0.03677472458262171,False,False
0.8056655362026898,0.026309346498910396,0.002041811722547917,0.0341958845772116,202.25399797278814,225,0.9,2.035985145799429,0.02686810209618758,0.02880667730289036,0.022335235919205915,0.018489532153630132,0.02367118774811807,0.02459405967550946,0.03411474401725465,0.01672186979391472,0.030715917457809966,0.036776138824583096,False,False
0.8195215970175774,0.02631004201329624,0.002041948309688619,0.03419674923199656,202.25177727634878,227,0.9,1.7417186209590072,0.026871095611488763,0.028804496046206177,0.022335539423249787,0.018491133790738534,0.023671391082628574,0.024595358483799595,0.03411726758287435,0.016720676924980124,0.03071599669336261,0.036777464493633866,False,False
0.8475914464925943,0.02631041936859859,0.00204210482737134,0.03419900296122126,202.24808027039165,227,0.9,1.4899832451401342,0.026873721087378795,0.02880258006292875,0.022333957427796806,0.01849257181136119,0.023671182222255952,0.024596536582935438,0.034119430736484796,0.01671961683987547,0.030716071988031002,0.03677852492693771,False,False
0.8719060589456359,0.02631091095316999,0.0020421934195962587,0.03420099853722925,202.24529310323965,228,0.9,1.2746318745653338,0.02687612696375791,0.02880094481403334,0.022334059137096185,0.018494060206141683,0.02367101208008937,0.02459756383194208,0.03412131426892701,0.016718676084846066,0.030715954785883407,0.0367793973589829,False,False
0.8934956166003328,0.026311565991572035,0.002042224646278935,0.03420280844286713,202.2431372740313,228,0.9,1.0904058290300667,0.026879603734466562,0.028799552298070182,0.022335265595323266,0.01849553260403948,0.023670869690381898,0.02459843394357869,0.03412251064599966,0.016717869530237475,0.03071586181198095,0.036780160061642135,False,False
0.9125879469214898,0.026312160430560207,0.0020422725178604086,0.0342044395955159,202.24147895832917,228,0.9,0.9328064798224233,0.026882698485044553,0.02879839057259725,0.022336406941705553,0.018496968937136194,0.023670749537477657,0.02459917586372422,0.0341238860992191,0.01671680778833372,0.030715779802564236,0.03678074027779954,False,False
0.9293537220557316,0.02631280482051266,0.00204230556407716,0.034205895579776636,202.2402138541316,229,0.9,0.797985397393459,0.02688542502529184,0.02879793899230651,0.02233745210185879,0.018498393677626627,0.023670651632699057,0.02459981678973505,0.03412535763216244,0.01671616245078056,0.030715676700290084,0.03678117320237564,False,False
0.9440364596282221,0.026313409683093085,0.0020423249346049727,0.03420718589969136,202.23925249699474,228,0.9,0.6826503762864286,0.026887891747969735,0.028797573260169577,0.022338396105586786,0.018499784460642005,0.02367056716122055,0.024600366246748582,0.034126625381177646,0.016715706673491385,0.03071557820660316,0.03678160758732144,False,False
0.9567610019387742,0.026313932138240854,0.002042342020268123,0.034208314621964976,202.23852979348987,229,0.9,0.583985042541109,0.026890011301946324,0.02879727054808406,0.022339237739710378,0.018500971743042514,0.023670492297611433,0.02460082457335025,0.034127717289598264,0.016715315321225385,0.030715494357444285,0.03678198621039565,False,False
0.9654041900988592,0.02631442154985007,0.0020423512956671743,0.03420915967179805,202.23810267219815,228,0.9,0.4995800804607583,0.026891895486890853,0.028797012246596903,0.02234011480804991,0.018502115012788253,0.023670440514020362,0.02460121058793011,0.03412865533340669,0.016714980829516342,0.030715425975035245,0.03678236470426603,False,False
0.9749815316291113,0.026314863534029592,0.0020423555920954426,0.03421001335686923,202.2377001157285,230,0.9,0.42737439936333393,0.026893571996989014,0.028796791173352012,0.022340891521339102,0.018503201755183572,0.02367040675173579,0.024601538920986547,0.03412945658128189,0.016714694886434095,0.030715365693157085,0.03678271605983682,False,False
0.9845471579695031,0.026315256038803407,0.002042355821724821,0.03421081320527296,202.23735127268975,230,0.9,0.3656048036637393,0.02689502813662104,0.02879663324408552,0.022341558743398753,0.018504229645994043,0.023670358608259143,0.02460183253944863,0.03413015385531412,0.01671444743465315,0.030715308417493623,0.03678300976276607,False,False
0.9928332457722627,0.026315600181543573,0.002042351509405538,0.034211511721593695,202.23709020234577,230,0.9,0.3127629372773072,0.02689618478500076,0.02879650292336883,0.022342166738325116,0.01850518539419709,0.023670309722635438,0.024602143091700928,0.03413075292434273,0.016714235149506852,0.030715259050395766,0.03678326203596222,False,False
1.0,0.026315923886828574,0.0020423463543373503,0.03421212027222407,202.23689507775583,230,0.9,0.2675584509669033,0.026897456755755122,0.028796395384009257,0.02234269771911371,0.01850606356703984,0.02367026821635599,0.024602349501871033,0.03413125794777815,0.016714053073153334,0.03071521636509952,0.03678348033810978,False,False
